"row_id","day","recorded_at","topic","region","before","after","followup","x","y","weight","measurement","label"
"1","2025-11-01","2025-11-01 09:30:15.125 +0530","Housing and rental affordability","North","Support","Support","Support",,,"0",,"Synthetic interview 001 — Housing and rental affordability"
"2","2025-11-01","2025-11-01 09:30:15.125 +0530","Housing and rental affordability","South","Undecided","Support","Support","-19","2","2","-34.5","Synthetic interview 002 — Housing and rental affordability"
"3","2025-11-01","2025-11-01 09:30:15.125 +0530","Housing and rental affordability","Remote / regional communities","Oppose","Support","Support","-18","4","3","-33.5","Synthetic interview 003 — Housing and rental affordability"
"4","2025-11-02","2025-11-02 09:30:15.125 +0530","Public health and community wellbeing","Inner city",,"Undecided","Support","-17","6","4","-32.5","Synthetic interview 004 — Public health and community wellbeing"
"5","2025-11-02","2025-11-02 09:30:15.125 +0530","Education, schools and lifelong learning","","Support","Undecided","Support","-16","8","5","-31.5","Synthetic interview 005 — Education, schools and lifelong learning"
"6","2025-11-02","2025-11-02 09:30:15.125 +0530","Transport — regional access","NULL","Undecided","Undecided","Support","-15","10","6","-30.5","Synthetic interview 006 — Transport — regional access"
"7","2025-11-03","2025-11-03 09:30:15.125 +0530","Climate adaptation / 气候","North","Oppose","Oppose","Support","-14","12","7","-29.5","Synthetic interview 007 — Climate adaptation / 气候"
"8","2025-11-03","2025-11-03 09:30:15.125 +0530","Arts, language and cultural participation","South",,"Oppose","Undecided","-13","14","8","-28.5","Synthetic interview 008 — Arts, language and cultural participation"
"9","2025-11-03","2025-11-03 09:30:15.125 +0530","housing and rental affordability","Remote / regional communities","Support","Oppose","Undecided","-12","16","9","-27.5","Synthetic interview 009 — housing and rental affordability"
"10","2025-11-04","2025-11-04 09:30:15.125 +0530","Digital inclusion and accessibility","Inner city","Undecided",,"Undecided","-11","18","1","-26.5","Synthetic interview 010 — Digital inclusion and accessibility"
"11","2025-11-04","2025-11-04 09:30:15.125 +0530","Housing and rental affordability","","Oppose",,"Undecided","-10","20","2","-25.5","Synthetic interview 011 — Housing and rental affordability"
"12","2025-11-04","2025-11-04 09:30:15.125 +0530","Housing and rental affordability","NULL",,,"Undecided","-9","22","3","-24.5","Synthetic interview 012 — Housing and rental affordability"
"13","2025-11-05","2025-11-05 09:30:15.125 +0530","Housing and rental affordability","North","Support","Support","Undecided","-8","24","4","-23.5","Synthetic interview 013 — Housing and rental affordability"
"14","2025-11-05","2025-11-05 09:30:15.125 +0530","Public health and community wellbeing","South","Undecided","Support","Undecided","-7","26","5","-22.5","Synthetic interview 014 — Public health and community wellbeing"
"15","2025-11-05","2025-11-05 09:30:15.125 +0530","Education, schools and lifelong learning","Remote / regional communities","Oppose","Support","Oppose","-6","28","6","-21.5","Synthetic interview 015 — Education, schools and lifelong learning"
"16","2025-11-06","2025-11-06 09:30:15.125 +0530","Transport — regional access","Inner city",,"Undecided","Oppose","-5","30","7","-20.5","Synthetic interview 016 — Transport — regional access"
"17","2025-11-06","2025-11-06 09:30:15.125 +0530","Climate adaptation / 气候","","Support","Undecided","Oppose","-4","32","8","-19.5","Synthetic interview 017 — Climate adaptation / 气候"
"18","2025-11-06","2025-11-06 09:30:15.125 +0530","Arts, language and cultural participation","NULL","Undecided","Undecided","Oppose","-3","34","9",,"Synthetic interview 018 — Arts, language and cultural participation"
"19","2025-11-07","2025-11-07 09:30:15.125 +0530","housing and rental affordability","North","Oppose","Oppose","Oppose","-2","36","1","-17.5","Synthetic interview 019 — housing and rental affordability"
"20","2025-11-07","2025-11-07 09:30:15.125 +0530","Digital inclusion and accessibility","South",,"Oppose","Oppose","-1","38","2","-16.5","Synthetic interview 020 — Digital inclusion and accessibility"
"21","2025-11-07","2025-11-07 09:30:15.125 +0530","Housing and rental affordability","Remote / regional communities","Support","Oppose","Oppose","0","40","3","-15.5","Synthetic interview 021 — Housing and rental affordability"
"22","2025-11-08","2025-11-08 09:30:15.125 +0530","Housing and rental affordability","Inner city","Undecided",,,"1","42","4","-14.5","Synthetic interview 022 — Housing and rental affordability"
"23","2025-11-08","2025-11-08 09:30:15.125 +0530","Housing and rental affordability","","Oppose",,,"2","44","5","-13.5","Synthetic interview 023 — Housing and rental affordability"
"24","2025-11-08","2025-11-08 09:30:15.125 +0530","Public health and community wellbeing","NULL",,,,"3","46","6","-12.5","Synthetic interview 024 — Public health and community wellbeing"
"25","2025-11-09","2025-11-09 09:30:15.125 +0530","Education, schools and lifelong learning","North","Support","Support",,"4","48","7","-11.5","Synthetic interview 025 — Education, schools and lifelong learning"
"26","2025-11-09","2025-11-09 09:30:15.125 +0530","Transport — regional access","South","Undecided","Support",,"5","50","8","-10.5","Synthetic interview 026 — Transport — regional access"
"27","2025-11-09","2025-11-09 09:30:15.125 +0530","Climate adaptation / 气候","Remote / regional communities","Oppose","Support",,"6","52","9","-9.5","Synthetic interview 027 — Climate adaptation / 气候"
"28","2025-11-10","2025-11-10 09:30:15.125 +0530","Arts, language and cultural participation","Inner city",,"Undecided",,"7","54","1","-8.5","Synthetic interview 028 — Arts, language and cultural participation"
"29","2025-11-10","2025-11-10 09:30:15.125 +0530","housing and rental affordability","","Support","Undecided","Support","8","56","2","-7.5","Synthetic interview 029 — housing and rental affordability"
"30","2025-11-10","2025-11-10 09:30:15.125 +0530","Digital inclusion and accessibility","NULL","Undecided","Undecided","Support","9","58","3","-6.5","Synthetic interview 030 — Digital inclusion and accessibility"
"31","2025-11-11","2025-11-11 09:30:15.125 +0530","Housing and rental affordability","North","Oppose","Oppose","Support","10","60","4","-5.5","Synthetic interview 031 — Housing and rental affordability"
"32","2025-11-11","2025-11-11 09:30:15.125 +0530","Housing and rental affordability","South",,"Oppose","Support","11","62","0","-4.5","Synthetic interview 032 — Housing and rental affordability"
"33","2025-11-11","2025-11-11 09:30:15.125 +0530","Housing and rental affordability","Remote / regional communities","Support","Oppose","Support","12","64","6","-3.5","Synthetic interview 033 — Housing and rental affordability"
"34","2025-11-12","2025-11-12 09:30:15.125 +0530","Public health and community wellbeing","Inner city","Undecided",,"Support","13","66","7","-2.5","Synthetic interview 034 — Public health and community wellbeing"
"35","2025-11-12","2025-11-12 09:30:15.125 +0530","Education, schools and lifelong learning","","Oppose",,"Support","14","68","8",,"Synthetic interview 035 — Education, schools and lifelong learning"
"36","2025-11-12","2025-11-12 09:30:15.125 +0530","Transport — regional access","NULL",,,"Undecided","15","70","9","-0.5","Synthetic interview 036 — Transport — regional access"
"37","2025-11-13","2025-11-13 09:30:15.125 +0530","Climate adaptation / 气候","North","Support","Support","Undecided","16","72","1","0.5","Synthetic interview 037 — Climate adaptation / 气候"
"38","2025-11-13","2025-11-13 09:30:15.125 +0530","Arts, language and cultural participation","South","Undecided","Support","Undecided","17","74","2","1.5","Synthetic interview 038 — Arts, language and cultural participation"
"39","2025-11-13","2025-11-13 09:30:15.125 +0530","housing and rental affordability","Remote / regional communities","Oppose","Support","Undecided","18","76","3","2.5","Synthetic interview 039 — housing and rental affordability"
"40","2025-11-14","2025-11-14 09:30:15.125 +0530","Digital inclusion and accessibility","Inner city",,"Undecided","Undecided","19","78","4","3.5","Synthetic interview 040 — Digital inclusion and accessibility"
"41","2025-11-14","2025-11-14 09:30:15.125 +0530","Housing and rental affordability","","Support","Undecided","Undecided","-20","5","5","4.5","Synthetic interview 041 — Housing and rental affordability"
"42","2025-11-14","2025-11-14 09:30:15.125 +0530","Housing and rental affordability","NULL","Undecided","Undecided","Undecided","-19","7","6","5.5","Synthetic interview 042 — Housing and rental affordability"
"43","2025-11-15","2025-11-15 09:30:15.125 +0530","Housing and rental affordability","North","Oppose","Oppose","Oppose","-18","9","7","6.5","Synthetic interview 043 — Housing and rental affordability"
"44","2025-11-15","2025-11-15 09:30:15.125 +0530","Public health and community wellbeing","South",,"Oppose","Oppose","-17","11","8","7.5","Synthetic interview 044 — Public health and community wellbeing"
"45","2025-11-15","2025-11-15 09:30:15.125 +0530","Education, schools and lifelong learning","Remote / regional communities","Support","Oppose","Oppose","-16","13","9","8.5","Synthetic interview 045 — Education, schools and lifelong learning"
"46","2025-11-16","2025-11-16 09:30:15.125 +0530","Transport — regional access","Inner city","Undecided",,"Oppose","-15","15","1","9.5","Synthetic interview 046 — Transport — regional access"
"47","2025-11-16","2025-11-16 09:30:15.125 +0530","Climate adaptation / 气候","","Oppose",,"Oppose","-14","17","2","10.5","Synthetic interview 047 — Climate adaptation / 气候"
"48","2025-11-16","2025-11-16 09:30:15.125 +0530","Arts, language and cultural participation","NULL",,,"Oppose","-13","19","3","11.5","Synthetic interview 048 — Arts, language and cultural participation"
"49","2025-11-17","2025-11-17 09:30:15.125 +0530","housing and rental affordability","North","Support","Support","Oppose","-12","21","4","12.5","Synthetic interview 049 — housing and rental affordability"
"50","2025-11-17","2025-11-17 09:30:15.125 +0530","Digital inclusion and accessibility","South","Undecided","Support",,"-11","23","5","13.5","Synthetic interview 050 — Digital inclusion and accessibility"
"51","2025-11-17","2025-11-17 09:30:15.125 +0530","Housing and rental affordability","Remote / regional communities","Oppose","Support",,"-10","25","6","14.5","Synthetic interview 051 — Housing and rental affordability"
"52","2025-11-18","2025-11-18 09:30:15.125 +0530","Housing and rental affordability","Inner city",,"Undecided",,"-9","27","7",,"Synthetic interview 052 — Housing and rental affordability"
"53","2025-11-18","2025-11-18 09:30:15.125 +0530","Housing and rental affordability","","Support","Undecided",,"-8","29","8","16.5","Synthetic interview 053 — Housing and rental affordability"
"54","2025-11-18","2025-11-18 09:30:15.125 +0530","Public health and community wellbeing","NULL","Undecided","Undecided",,"-7","31","9","17.5","Synthetic interview 054 — Public health and community wellbeing"
"55","2025-11-19","2025-11-19 09:30:15.125 +0530","Education, schools and lifelong learning","North","Oppose","Oppose",,"-6","33","1","18.5","Synthetic interview 055 — Education, schools and lifelong learning"
"56","2025-11-19","2025-11-19 09:30:15.125 +0530","Transport — regional access","South",,"Oppose",,"-5","35","2","19.5","Synthetic interview 056 — Transport — regional access"
"57","2025-11-19","2025-11-19 09:30:15.125 +0530","Climate adaptation / 气候","Remote / regional communities","Support","Oppose","Support","-4","37","3","20.5","Synthetic interview 057 — Climate adaptation / 气候"
"58","2025-11-20","2025-11-20 09:30:15.125 +0530","Arts, language and cultural participation","Inner city","Undecided",,"Support","-3","39","4","21.5","Synthetic interview 058 — Arts, language and cultural participation"
"59","2025-11-20","2025-11-20 09:30:15.125 +0530","housing and rental affordability","","Oppose",,"Support","-2","41","5","22.5","Synthetic interview 059 — housing and rental affordability"
"60","2025-11-20","2025-11-20 09:30:15.125 +0530","Digital inclusion and accessibility","NULL",,,"Support","-1","43","6","23.5","Synthetic interview 060 — Digital inclusion and accessibility"
"61","2025-11-23","2025-11-23 09:30:15.125 +0530","Housing and rental affordability","North","Support","Support","Support","0","45","7","24.5","Synthetic interview 061 — Housing and rental affordability"
"62","2025-11-23","2025-11-23 09:30:15.125 +0530","Housing and rental affordability","South","Undecided","Support","Support","1","47","8","25.5","Synthetic interview 062 — Housing and rental affordability"
"63","2025-11-23","2025-11-23 09:30:15.125 +0530","Housing and rental affordability","Remote / regional communities","Oppose","Support","Support","2","49","0","26.5","Synthetic interview 063 — Housing and rental affordability"
"64","2025-11-24","2025-11-24 09:30:15.125 +0530","Public health and community wellbeing","Inner city",,"Undecided","Undecided","3","51","1","27.5","Synthetic interview 064 — Public health and community wellbeing"
"65","2025-11-24","2025-11-24 09:30:15.125 +0530","Education, schools and lifelong learning","","Support","Undecided","Undecided","4","53","2","28.5","Synthetic interview 065 — Education, schools and lifelong learning"
"66","2025-11-24","2025-11-24 09:30:15.125 +0530","Transport — regional access","NULL","Undecided","Undecided","Undecided","5","55","3","29.5","Synthetic interview 066 — Transport — regional access"
"67","2025-11-25","2025-11-25 09:30:15.125 +0530","Climate adaptation / 气候","North","Oppose","Oppose","Undecided","6","57","4","30.5","Synthetic interview 067 — Climate adaptation / 气候"
"68","2025-11-25","2025-11-25 09:30:15.125 +0530","Arts, language and cultural participation","South",,"Oppose","Undecided","7","59","5","31.5","Synthetic interview 068 — Arts, language and cultural participation"
"69","2025-11-25","2025-11-25 09:30:15.125 +0530","housing and rental affordability","Remote / regional communities","Support","Oppose","Undecided","8","61","6",,"Synthetic interview 069 — housing and rental affordability"
"70","2025-11-26","2025-11-26 09:30:15.125 +0530","Digital inclusion and accessibility","Inner city","Undecided",,"Undecided","9","63","7","33.5","Synthetic interview 070 — Digital inclusion and accessibility"
"71","2025-11-26","2025-11-26 09:30:15.125 +0530","Housing and rental affordability","","Oppose",,"Oppose","10","65","8","34.5","Synthetic interview 071 — Housing and rental affordability"
"72","2025-11-26","2025-11-26 09:30:15.125 +0530","Housing and rental affordability","NULL",,,"Oppose","11","67","9","35.5","Synthetic interview 072 — Housing and rental affordability"
"73","2025-11-27","2025-11-27 09:30:15.125 +0530","Housing and rental affordability","North","Support","Support","Oppose","12","69","1","36.5","Synthetic interview 073 — Housing and rental affordability"
"74","2025-11-27","2025-11-27 09:30:15.125 +0530","Public health and community wellbeing","South","Undecided","Support","Oppose","13","71","2","37.5","Synthetic interview 074 — Public health and community wellbeing"
"75","2025-11-27","2025-11-27 09:30:15.125 +0530","Education, schools and lifelong learning","Remote / regional communities","Oppose","Support","Oppose","14","73","3","38.5","Synthetic interview 075 — Education, schools and lifelong learning"
"76","2025-11-28","2025-11-28 09:30:15.125 +0530","Transport — regional access","Inner city",,"Undecided","Oppose","15","75","4","39.5","Synthetic interview 076 — Transport — regional access"
"77","2025-11-28","2025-11-28 09:30:15.125 +0530","Climate adaptation / 气候","","Support","Undecided","Oppose","16","77","5","40.5","Synthetic interview 077 — Climate adaptation / 气候"
"78","2025-11-28","2025-11-28 09:30:15.125 +0530","Arts, language and cultural participation","NULL","Undecided","Undecided",,"17","79","6","41.5","Synthetic interview 078 — Arts, language and cultural participation"
"79","2025-11-29","2025-11-29 09:30:15.125 +0530","housing and rental affordability","North","Oppose","Oppose",,"18","81","7","42.5","Synthetic interview 079 — housing and rental affordability"
"80","2025-11-29","2025-11-29 09:30:15.125 +0530","Digital inclusion and accessibility","South",,"Oppose",,,"83","8","43.5","Synthetic interview 080 — Digital inclusion and accessibility"
"81","2025-11-29","2025-11-29 09:30:15.125 +0530","Housing and rental affordability","Remote / regional communities","Support","Oppose",,"-20","10","9","44.5","Synthetic interview 081 — Housing and rental affordability"
"82","2025-11-30","2025-11-30 09:30:15.125 +0530","Housing and rental affordability","Inner city","Undecided",,,"-19","12","1","45.5","Synthetic interview 082 — Housing and rental affordability"
"83","2025-11-30","2025-11-30 09:30:15.125 +0530","Housing and rental affordability","","Oppose",,,"-18","14","2","46.5","Synthetic interview 083 — Housing and rental affordability"
"84","2025-11-30","2025-11-30 09:30:15.125 +0530","Public health and community wellbeing","NULL",,,,"-17",,"3","47.5","Synthetic interview 084 — Public health and community wellbeing"
"85","2025-12-01","2025-12-01 09:30:15.125 +0530","Education, schools and lifelong learning","North","Support","Support","Support","-16","18","4","48.5","Synthetic interview 085 — Education, schools and lifelong learning"
"86","2025-12-01","2025-12-01 09:30:15.125 +0530","Transport — regional access","South","Undecided","Support","Support","-15","20","5",,"Synthetic interview 086 — Transport — regional access"
"87","2025-12-01","2025-12-01 09:30:15.125 +0530","Climate adaptation / 气候","Remote / regional communities","Oppose","Support","Support","-14","22","6","50.5","Synthetic interview 087 — Climate adaptation / 气候"
"88","2025-12-02","2025-12-02 09:30:15.125 +0530","Arts, language and cultural participation","Inner city",,"Undecided","Support","-13","24","7","51.5","Synthetic interview 088 — Arts, language and cultural participation"
"89","2025-12-02","2025-12-02 09:30:15.125 +0530","housing and rental affordability","","Support","Undecided","Support","-12","26","8","52.5","Synthetic interview 089 — housing and rental affordability"
"90","2025-12-02","2025-12-02 09:30:15.125 +0530","Digital inclusion and accessibility","NULL","Undecided","Undecided","Support","-11","28","9","53.5","Synthetic interview 090 — Digital inclusion and accessibility"
"91","2025-12-03","2025-12-03 09:30:15.125 +0530","Housing and rental affordability","North","Oppose","Oppose","Support","-10","30","1","54.5","Synthetic interview 091 — Housing and rental affordability"
"92","2025-12-03","2025-12-03 09:30:15.125 +0530","Housing and rental affordability","South",,"Oppose","Undecided","-9","32","2","55.5","Synthetic interview 092 — Housing and rental affordability"
"93","2025-12-03","2025-12-03 09:30:15.125 +0530","Housing and rental affordability","Remote / regional communities","Support","Oppose","Undecided","-8","34","3","56.5","Synthetic interview 093 — Housing and rental affordability"
"94","2025-12-04","2025-12-04 09:30:15.125 +0530","Public health and community wellbeing","Inner city","Undecided",,"Undecided","-7","36","0","57.5","Synthetic interview 094 — Public health and community wellbeing"
"95","2025-12-04","2025-12-04 09:30:15.125 +0530","Education, schools and lifelong learning","","Oppose",,"Undecided","-6","38","5","58.5","Synthetic interview 095 — Education, schools and lifelong learning"
"96","2025-12-04","2025-12-04 09:30:15.125 +0530","Transport — regional access","NULL",,,"Undecided","-5","40","6","59.5","Synthetic interview 096 — Transport — regional access"
"97","2025-12-05","2025-12-05 09:30:15.125 +0530","Climate adaptation / 气候","North","Support","Support","Undecided","-4","42","7","60.5","Synthetic interview 097 — Climate adaptation / 气候"
"98","2025-12-05","2025-12-05 09:30:15.125 +0530","Arts, language and cultural participation","South","Undecided","Support","Undecided","-3","44","8","61.5","Synthetic interview 098 — Arts, language and cultural participation"
"99","2025-12-05","2025-12-05 09:30:15.125 +0530","housing and rental affordability","Remote / regional communities","Oppose","Support","Oppose","-2","46","9","62.5","Synthetic interview 099 — housing and rental affordability"
"100","2025-12-06","2025-12-06 09:30:15.125 +0530","Digital inclusion and accessibility","Inner city",,"Undecided","Oppose","-1","48","1","63.5","Synthetic interview 100 — Digital inclusion and accessibility"
"101","2025-12-06","2025-12-06 09:30:15.125 +0530","Housing and rental affordability","","Support","Undecided","Oppose","0","50","2","64.5","Synthetic interview 101 — Housing and rental affordability"
"102","2025-12-06","2025-12-06 09:30:15.125 +0530","Housing and rental affordability","NULL","Undecided","Undecided","Oppose","1","52","3","-35.5","Synthetic interview 102 — Housing and rental affordability"
"103","2025-12-07","2025-12-07 09:30:15.125 +0530","Housing and rental affordability","North","Oppose","Oppose","Oppose","2","54","4",,"Synthetic interview 103 — Housing and rental affordability"
"104","2025-12-07","2025-12-07 09:30:15.125 +0530","Public health and community wellbeing","South",,"Oppose","Oppose","3","56","5","-33.5","Synthetic interview 104 — Public health and community wellbeing"
"105","2025-12-07","2025-12-07 09:30:15.125 +0530","Education, schools and lifelong learning","Remote / regional communities","Support","Oppose","Oppose","4","58","6","-32.5","Synthetic interview 105 — Education, schools and lifelong learning"
"106","2025-12-08","2025-12-08 09:30:15.125 +0530","Transport — regional access","Inner city","Undecided",,,"5","60","7","-31.5","Synthetic interview 106 — Transport — regional access"
"107","2025-12-08","2025-12-08 09:30:15.125 +0530","Climate adaptation / 气候","","Oppose",,,"6","62","8","-30.5","Synthetic interview 107 — Climate adaptation / 气候"
"108","2025-12-08","2025-12-08 09:30:15.125 +0530","Arts, language and cultural participation","NULL",,,,"7","64","9","-29.5","Synthetic interview 108 — Arts, language and cultural participation"
"109","2025-12-09","2025-12-09 09:30:15.125 +0530","housing and rental affordability","North","Support","Support",,"8","66","1","-28.5","Synthetic interview 109 — housing and rental affordability"
"110","2025-12-09","2025-12-09 09:30:15.125 +0530","Digital inclusion and accessibility","South","Undecided","Support",,"9","68","2","-27.5","Synthetic interview 110 — Digital inclusion and accessibility"
"111","2025-12-09","2025-12-09 09:30:15.125 +0530","Housing and rental affordability","Remote / regional communities","Oppose","Support",,"10","70","3","-26.5","Synthetic interview 111 — Housing and rental affordability"
"112","2025-12-10","2025-12-10 09:30:15.125 +0530","Housing and rental affordability","Inner city",,"Undecided",,"11","72","4","-25.5","Synthetic interview 112 — Housing and rental affordability"
"113","2025-12-10","2025-12-10 09:30:15.125 +0530","Housing and rental affordability","","Support","Undecided","Support","12","74","5","-24.5","Synthetic interview 113 — Housing and rental affordability"
"114","2025-12-10","2025-12-10 09:30:15.125 +0530","Public health and community wellbeing","NULL","Undecided","Undecided","Support","13","76","6","-23.5","Synthetic interview 114 — Public health and community wellbeing"
"115","2025-12-11","2025-12-11 09:30:15.125 +0530","Education, schools and lifelong learning","North","Oppose","Oppose","Support","14","78","7","-22.5","Synthetic interview 115 — Education, schools and lifelong learning"
"116","2025-12-11","2025-12-11 09:30:15.125 +0530","Transport — regional access","South",,"Oppose","Support","15","80","8","-21.5","Synthetic interview 116 — Transport — regional access"
"117","2025-12-11","2025-12-11 09:30:15.125 +0530","Climate adaptation / 气候","Remote / regional communities","Support","Oppose","Support","16","82","9","-20.5","Synthetic interview 117 — Climate adaptation / 气候"
"118","2025-12-12","2025-12-12 09:30:15.125 +0530","Arts, language and cultural participation","Inner city","Undecided",,"Support","17","84","1","-19.5","Synthetic interview 118 — Arts, language and cultural participation"
"119","2025-12-12","2025-12-12 09:30:15.125 +0530","housing and rental affordability","","Oppose",,"Support","18","86","2","-18.5","Synthetic interview 119 — housing and rental affordability"
"120","2025-12-12","2025-12-12 09:30:15.125 +0530","Digital inclusion and accessibility","NULL",,,"Undecided","19","88","3",,"Synthetic interview 120 — Digital inclusion and accessibility"
"121","2025-12-15","2025-12-15 09:30:15.125 +0530","Housing and rental affordability","North","Support","Support","Undecided","-20","0","4","-16.5","Synthetic interview 121 — Housing and rental affordability"
"122","2025-12-15","2025-12-15 09:30:15.125 +0530","Housing and rental affordability","South","Undecided","Support","Undecided","-19","2","5","-15.5","Synthetic interview 122 — Housing and rental affordability"
"123","2025-12-15","2025-12-15 09:30:15.125 +0530","Housing and rental affordability","Remote / regional communities","Oppose","Support","Undecided","-18","4","6","-14.5","Synthetic interview 123 — Housing and rental affordability"
"124","2025-12-16","2025-12-16 09:30:15.125 +0530","Public health and community wellbeing","Inner city",,"Undecided","Undecided","-17","6","7","-13.5","Synthetic interview 124 — Public health and community wellbeing"
"125","2025-12-16","2025-12-16 09:30:15.125 +0530","Education, schools and lifelong learning","","Support","Undecided","Undecided","-16","8","0","-12.5","Synthetic interview 125 — Education, schools and lifelong learning"
"126","2025-12-16","2025-12-16 09:30:15.125 +0530","Transport — regional access","NULL","Undecided","Undecided","Undecided","-15","10","9","-11.5","Synthetic interview 126 — Transport — regional access"
"127","2025-12-17","2025-12-17 09:30:15.125 +0530","Climate adaptation / 气候","North","Oppose","Oppose","Oppose","-14","12","1","-10.5","Synthetic interview 127 — Climate adaptation / 气候"
"128","2025-12-17","2025-12-17 09:30:15.125 +0530","Arts, language and cultural participation","South",,"Oppose","Oppose","-13","14","2","-9.5","Synthetic interview 128 — Arts, language and cultural participation"
"129","2025-12-17","2025-12-17 09:30:15.125 +0530","housing and rental affordability","Remote / regional communities","Support","Oppose","Oppose","-12","16","3","-8.5","Synthetic interview 129 — housing and rental affordability"
"130","2025-12-18","2025-12-18 09:30:15.125 +0530","Digital inclusion and accessibility","Inner city","Undecided",,"Oppose","-11","18","4","-7.5","Synthetic interview 130 — Digital inclusion and accessibility"
"131","2025-12-18","2025-12-18 09:30:15.125 +0530","Housing and rental affordability","","Oppose",,"Oppose","-10","20","5","-6.5","Synthetic interview 131 — Housing and rental affordability"
"132","2025-12-18","2025-12-18 09:30:15.125 +0530","Housing and rental affordability","NULL",,,"Oppose","-9","22","6","-5.5","Synthetic interview 132 — Housing and rental affordability"
"133","2025-12-19","2025-12-19 09:30:15.125 +0530","Housing and rental affordability","North","Support","Support","Oppose","-8","24","7","-4.5","Synthetic interview 133 — Housing and rental affordability"
"134","2025-12-19","2025-12-19 09:30:15.125 +0530","Public health and community wellbeing","South","Undecided","Support",,"-7","26","8","-3.5","Synthetic interview 134 — Public health and community wellbeing"
"135","2025-12-19","2025-12-19 09:30:15.125 +0530","Education, schools and lifelong learning","Remote / regional communities","Oppose","Support",,"-6","28","9","-2.5","Synthetic interview 135 — Education, schools and lifelong learning"
"136","2025-12-20","2025-12-20 09:30:15.125 +0530","Transport — regional access","Inner city",,"Undecided",,"-5","30","1","-1.5","Synthetic interview 136 — Transport — regional access"
"137","2025-12-20","2025-12-20 09:30:15.125 +0530","Climate adaptation / 气候","","Support","Undecided",,"-4","32","2",,"Synthetic interview 137 — Climate adaptation / 气候"
"138","2025-12-20","2025-12-20 09:30:15.125 +0530","Arts, language and cultural participation","NULL","Undecided","Undecided",,"-3","34","3","0.5","Synthetic interview 138 — Arts, language and cultural participation"
"139","2025-12-21","2025-12-21 09:30:15.125 +0530","housing and rental affordability","North","Oppose","Oppose",,"-2","36","4","1.5","Synthetic interview 139 — housing and rental affordability"
"140","2025-12-21","2025-12-21 09:30:15.125 +0530","Digital inclusion and accessibility","South",,"Oppose",,"-1","38","5","2.5","Synthetic interview 140 — Digital inclusion and accessibility"
"141","2025-12-21","2025-12-21 09:30:15.125 +0530","Housing and rental affordability","Remote / regional communities","Support","Oppose","Support","0","40","6","3.5","Synthetic interview 141 — Housing and rental affordability"
"142","2025-12-22","2025-12-22 09:30:15.125 +0530","Housing and rental affordability","Inner city","Undecided",,"Support","1","42","7","4.5","Synthetic interview 142 — Housing and rental affordability"
"143","2025-12-22","2025-12-22 09:30:15.125 +0530","Housing and rental affordability","","Oppose",,"Support","2","44","8","5.5","Synthetic interview 143 — Housing and rental affordability"
"144","2025-12-22","2025-12-22 09:30:15.125 +0530","Public health and community wellbeing","NULL",,,"Support","3","46","9","6.5","Synthetic interview 144 — Public health and community wellbeing"
"145","2025-12-23","2025-12-23 09:30:15.125 +0530","Education, schools and lifelong learning","North","Support","Support","Support","4","48","1","7.5","Synthetic interview 145 — Education, schools and lifelong learning"
"146","2025-12-23","2025-12-23 09:30:15.125 +0530","Transport — regional access","South","Undecided","Support","Support","5","50","2","8.5","Synthetic interview 146 — Transport — regional access"
"147","2025-12-23","2025-12-23 09:30:15.125 +0530","Climate adaptation / 气候","Remote / regional communities","Oppose","Support","Support","6","52","3","9.5","Synthetic interview 147 — Climate adaptation / 气候"
"148","2025-12-24","2025-12-24 09:30:15.125 +0530","Arts, language and cultural participation","Inner city",,"Undecided","Undecided","7","54","4","10.5","Synthetic interview 148 — Arts, language and cultural participation"
"149","2025-12-24","2025-12-24 09:30:15.125 +0530","housing and rental affordability","","Support","Undecided","Undecided","8","56","5","11.5","Synthetic interview 149 — housing and rental affordability"
"150","2025-12-24","2025-12-24 09:30:15.125 +0530","Digital inclusion and accessibility","NULL","Undecided","Undecided","Undecided","9","58","6","12.5","Synthetic interview 150 — Digital inclusion and accessibility"
"151","2025-12-25","2025-12-25 09:30:15.125 +0530","Housing and rental affordability","North","Oppose","Oppose","Undecided","10","60","7","13.5","Synthetic interview 151 — Housing and rental affordability"
"152","2025-12-25","2025-12-25 09:30:15.125 +0530","Housing and rental affordability","South",,"Oppose","Undecided","11","62","8","14.5","Synthetic interview 152 — Housing and rental affordability"
"153","2025-12-25","2025-12-25 09:30:15.125 +0530","Housing and rental affordability","Remote / regional communities","Support","Oppose","Undecided","12","64","9","15.5","Synthetic interview 153 — Housing and rental affordability"
"154","2025-12-26","2025-12-26 09:30:15.125 +0530","Public health and community wellbeing","Inner city","Undecided",,"Undecided","13","66","1",,"Synthetic interview 154 — Public health and community wellbeing"
"155","2025-12-26","2025-12-26 09:30:15.125 +0530","Education, schools and lifelong learning","","Oppose",,"Oppose","14","68","2","17.5","Synthetic interview 155 — Education, schools and lifelong learning"
"156","2025-12-26","2025-12-26 09:30:15.125 +0530","Transport — regional access","NULL",,,"Oppose","15","70","0","18.5","Synthetic interview 156 — Transport — regional access"
"157","2025-12-27","2025-12-27 09:30:15.125 +0530","Climate adaptation / 气候","North","Support","Support","Oppose","16","72","4","19.5","Synthetic interview 157 — Climate adaptation / 气候"
"158","2025-12-27","2025-12-27 09:30:15.125 +0530","Arts, language and cultural participation","South","Undecided","Support","Oppose","17","74","5","20.5","Synthetic interview 158 — Arts, language and cultural participation"
"159","2025-12-27","2025-12-27 09:30:15.125 +0530","housing and rental affordability","Remote / regional communities","Oppose","Support","Oppose",,"76","6","21.5","Synthetic interview 159 — housing and rental affordability"
"160","2025-12-28","2025-12-28 09:30:15.125 +0530","Digital inclusion and accessibility","Inner city",,"Undecided","Oppose","19","78","7","22.5","Synthetic interview 160 — Digital inclusion and accessibility"
"161","2025-12-28","2025-12-28 09:30:15.125 +0530","Housing and rental affordability","","Support","Undecided","Oppose","-20","5","8","23.5","Synthetic interview 161 — Housing and rental affordability"
"162","2025-12-28","2025-12-28 09:30:15.125 +0530","Housing and rental affordability","NULL","Undecided","Undecided",,"-19","7","9","24.5","Synthetic interview 162 — Housing and rental affordability"
"163","2025-12-29","2025-12-29 09:30:15.125 +0530","Housing and rental affordability","North","Oppose","Oppose",,"-18","9","1","25.5","Synthetic interview 163 — Housing and rental affordability"
"164","2025-12-29","2025-12-29 09:30:15.125 +0530","Public health and community wellbeing","South",,"Oppose",,"-17","11","2","26.5","Synthetic interview 164 — Public health and community wellbeing"
"165","2025-12-29","2025-12-29 09:30:15.125 +0530","Education, schools and lifelong learning","Remote / regional communities","Support","Oppose",,"-16","13","3","27.5","Synthetic interview 165 — Education, schools and lifelong learning"
"166","2025-12-30","2025-12-30 09:30:15.125 +0530","Transport — regional access","Inner city","Undecided",,,"-15","15","4","28.5","Synthetic interview 166 — Transport — regional access"
"167","2025-12-30","2025-12-30 09:30:15.125 +0530","Climate adaptation / 气候","","Oppose",,,"-14",,"5","29.5","Synthetic interview 167 — Climate adaptation / 气候"
"168","2025-12-30","2025-12-30 09:30:15.125 +0530","Arts, language and cultural participation","NULL",,,,"-13","19","6","30.5","Synthetic interview 168 — Arts, language and cultural participation"
"169","2025-12-31","2025-12-31 09:30:15.125 +0530","housing and rental affordability","North","Support","Support","Support","-12","21","7","31.5","Synthetic interview 169 — housing and rental affordability"
"170","2025-12-31","2025-12-31 09:30:15.125 +0530","Digital inclusion and accessibility","South","Undecided","Support","Support","-11","23","8","32.5","Synthetic interview 170 — Digital inclusion and accessibility"
"171","2025-12-31","2025-12-31 09:30:15.125 +0530","Housing and rental affordability","Remote / regional communities","Oppose","Support","Support","-10","25","9",,"Synthetic interview 171 — Housing and rental affordability"
"172","2026-01-01","2026-01-01 09:30:15.125 +0530","Housing and rental affordability","Inner city",,"Undecided","Support","-9","27","1","34.5","Synthetic interview 172 — Housing and rental affordability"
"173","2026-01-01","2026-01-01 09:30:15.125 +0530","Housing and rental affordability","","Support","Undecided","Support","-8","29","2","35.5","Synthetic interview 173 — Housing and rental affordability"
"174","2026-01-01","2026-01-01 09:30:15.125 +0530","Public health and community wellbeing","NULL","Undecided","Undecided","Support","-7","31","3","36.5","Synthetic interview 174 — Public health and community wellbeing"
"175","2026-01-02","2026-01-02 09:30:15.125 +0530","Education, schools and lifelong learning","North","Oppose","Oppose","Support","-6","33","4","37.5","Synthetic interview 175 — Education, schools and lifelong learning"
"176","2026-01-02","2026-01-02 09:30:15.125 +0530","Transport — regional access","South",,"Oppose","Undecided","-5","35","5","38.5","Synthetic interview 176 — Transport — regional access"
"177","2026-01-02","2026-01-02 09:30:15.125 +0530","Climate adaptation / 气候","Remote / regional communities","Support","Oppose","Undecided","-4","37","6","39.5","Synthetic interview 177 — Climate adaptation / 气候"
"178","2026-01-03","2026-01-03 09:30:15.125 +0530","Arts, language and cultural participation","Inner city","Undecided",,"Undecided","-3","39","7","40.5","Synthetic interview 178 — Arts, language and cultural participation"
"179","2026-01-03","2026-01-03 09:30:15.125 +0530","housing and rental affordability","","Oppose",,"Undecided","-2","41","8","41.5","Synthetic interview 179 — housing and rental affordability"
"180","2026-01-03","2026-01-03 09:30:15.125 +0530","Digital inclusion and accessibility","NULL",,,"Undecided","-1","43","9","42.5","Synthetic interview 180 — Digital inclusion and accessibility"
"181","2026-01-06","2026-01-06 09:30:15.125 +0530","Housing and rental affordability","North","Support","Support","Undecided","0","45","1","43.5","Synthetic interview 181 — Housing and rental affordability"
"182","2026-01-06","2026-01-06 09:30:15.125 +0530","Housing and rental affordability","South","Undecided","Support","Undecided","1","47","2","44.5","Synthetic interview 182 — Housing and rental affordability"
"183","2026-01-06","2026-01-06 09:30:15.125 +0530","Housing and rental affordability","Remote / regional communities","Oppose","Support","Oppose","2","49","3","45.5","Synthetic interview 183 — Housing and rental affordability"
"184","2026-01-07","2026-01-07 09:30:15.125 +0530","Public health and community wellbeing","Inner city",,"Undecided","Oppose","3","51","4","46.5","Synthetic interview 184 — Public health and community wellbeing"
"185","2026-01-07","2026-01-07 09:30:15.125 +0530","Education, schools and lifelong learning","","Support","Undecided","Oppose","4","53","5","47.5","Synthetic interview 185 — Education, schools and lifelong learning"
"186","2026-01-07","2026-01-07 09:30:15.125 +0530","Transport — regional access","NULL","Undecided","Undecided","Oppose","5","55","6","48.5","Synthetic interview 186 — Transport — regional access"
"187","2026-01-08","2026-01-08 09:30:15.125 +0530","Climate adaptation / 气候","North","Oppose","Oppose","Oppose","6","57","0","49.5","Synthetic interview 187 — Climate adaptation / 气候"
"188","2026-01-08","2026-01-08 09:30:15.125 +0530","Arts, language and cultural participation","South",,"Oppose","Oppose","7","59","8",,"Synthetic interview 188 — Arts, language and cultural participation"
"189","2026-01-08","2026-01-08 09:30:15.125 +0530","housing and rental affordability","Remote / regional communities","Support","Oppose","Oppose","8","61","9","51.5","Synthetic interview 189 — housing and rental affordability"
"190","2026-01-09","2026-01-09 09:30:15.125 +0530","Digital inclusion and accessibility","Inner city","Undecided",,,"9","63","1","52.5","Synthetic interview 190 — Digital inclusion and accessibility"
"191","2026-01-09","2026-01-09 09:30:15.125 +0530","Housing and rental affordability","","Oppose",,,"10","65","2","53.5","Synthetic interview 191 — Housing and rental affordability"
"192","2026-01-09","2026-01-09 09:30:15.125 +0530","Housing and rental affordability","NULL",,,,"11","67","3","54.5","Synthetic interview 192 — Housing and rental affordability"
"193","2026-01-10","2026-01-10 09:30:15.125 +0530","Housing and rental affordability","North","Support","Support",,"12","69","4","55.5","Synthetic interview 193 — Housing and rental affordability"
"194","2026-01-10","2026-01-10 09:30:15.125 +0530","Public health and community wellbeing","South","Undecided","Support",,"13","71","5","56.5","Synthetic interview 194 — Public health and community wellbeing"
"195","2026-01-10","2026-01-10 09:30:15.125 +0530","Education, schools and lifelong learning","Remote / regional communities","Oppose","Support",,"14","73","6","57.5","Synthetic interview 195 — Education, schools and lifelong learning"
"196","2026-01-11","2026-01-11 09:30:15.125 +0530","Transport — regional access","Inner city",,"Undecided",,"15","75","7","58.5","Synthetic interview 196 — Transport — regional access"
"197","2026-01-11","2026-01-11 09:30:15.125 +0530","Climate adaptation / 气候","","Support","Undecided","Support","16","77","8","59.5","Synthetic interview 197 — Climate adaptation / 气候"
"198","2026-01-11","2026-01-11 09:30:15.125 +0530","Arts, language and cultural participation","NULL","Undecided","Undecided","Support","17","79","9","60.5","Synthetic interview 198 — Arts, language and cultural participation"
"199","2026-01-12","2026-01-12 09:30:15.125 +0530","housing and rental affordability","North","Oppose","Oppose","Support","18","81","1","61.5","Synthetic interview 199 — housing and rental affordability"
"200","2026-01-12","2026-01-12 09:30:15.125 +0530","Digital inclusion and accessibility","South",,"Oppose","Support","19","83","2","62.5","Synthetic interview 200 — Digital inclusion and accessibility"
"201","2026-01-12","2026-01-12 09:30:15.125 +0530","Housing and rental affordability","Remote / regional communities","Support","Oppose","Support","-20","10","3","63.5","Synthetic interview 201 — Housing and rental affordability"
"202","2026-01-13","2026-01-13 09:30:15.125 +0530","Housing and rental affordability","Inner city","Undecided",,"Support","-19","12","4","64.5","Synthetic interview 202 — Housing and rental affordability"
"203","2026-01-13","2026-01-13 09:30:15.125 +0530","Housing and rental affordability","","Oppose",,"Support","-18","14","5","-35.5","Synthetic interview 203 — Housing and rental affordability"
"204","2026-01-13","2026-01-13 09:30:15.125 +0530","Public health and community wellbeing","NULL",,,"Undecided","-17","16","6","-34.5","Synthetic interview 204 — Public health and community wellbeing"
"205","2026-01-14","2026-01-14 09:30:15.125 +0530","Education, schools and lifelong learning","North","Support","Support","Undecided","-16","18","7",,"Synthetic interview 205 — Education, schools and lifelong learning"
"206","2026-01-14","2026-01-14 09:30:15.125 +0530","Transport — regional access","South","Undecided","Support","Undecided","-15","20","8","-32.5","Synthetic interview 206 — Transport — regional access"
"207","2026-01-14","2026-01-14 09:30:15.125 +0530","Climate adaptation / 气候","Remote / regional communities","Oppose","Support","Undecided","-14","22","9","-31.5","Synthetic interview 207 — Climate adaptation / 气候"
"208","2026-01-15","2026-01-15 09:30:15.125 +0530","Arts, language and cultural participation","Inner city",,"Undecided","Undecided","-13","24","1","-30.5","Synthetic interview 208 — Arts, language and cultural participation"
"209","2026-01-15","2026-01-15 09:30:15.125 +0530","housing and rental affordability","","Support","Undecided","Undecided","-12","26","2","-29.5","Synthetic interview 209 — housing and rental affordability"
"210","2026-01-15","2026-01-15 09:30:15.125 +0530","Digital inclusion and accessibility","NULL","Undecided","Undecided","Undecided","-11","28","3","-28.5","Synthetic interview 210 — Digital inclusion and accessibility"
"211","2026-01-16","2026-01-16 09:30:15.125 +0530","Housing and rental affordability","North","Oppose","Oppose","Oppose","-10","30","4","-27.5","Synthetic interview 211 — Housing and rental affordability"
"212","2026-01-16","2026-01-16 09:30:15.125 +0530","Housing and rental affordability","South",,"Oppose","Oppose","-9","32","5","-26.5","Synthetic interview 212 — Housing and rental affordability"
"213","2026-01-16","2026-01-16 09:30:15.125 +0530","Housing and rental affordability","Remote / regional communities","Support","Oppose","Oppose","-8","34","6","-25.5","Synthetic interview 213 — Housing and rental affordability"
"214","2026-01-17","2026-01-17 09:30:15.125 +0530","Public health and community wellbeing","Inner city","Undecided",,"Oppose","-7","36","7","-24.5","Synthetic interview 214 — Public health and community wellbeing"
"215","2026-01-17","2026-01-17 09:30:15.125 +0530","Education, schools and lifelong learning","","Oppose",,"Oppose","-6","38","8","-23.5","Synthetic interview 215 — Education, schools and lifelong learning"
"216","2026-01-17","2026-01-17 09:30:15.125 +0530","Transport — regional access","NULL",,,"Oppose","-5","40","9","-22.5","Synthetic interview 216 — Transport — regional access"
"217","2026-01-18","2026-01-18 09:30:15.125 +0530","Climate adaptation / 气候","North","Support","Support","Oppose","-4","42","1","-21.5","Synthetic interview 217 — Climate adaptation / 气候"
"218","2026-01-18","2026-01-18 09:30:15.125 +0530","Arts, language and cultural participation","South","Undecided","Support",,"-3","44","0","-20.5","Synthetic interview 218 — Arts, language and cultural participation"
"219","2026-01-18","2026-01-18 09:30:15.125 +0530","housing and rental affordability","Remote / regional communities","Oppose","Support",,"-2","46","3","-19.5","Synthetic interview 219 — housing and rental affordability"
"220","2026-01-19","2026-01-19 09:30:15.125 +0530","Digital inclusion and accessibility","Inner city",,"Undecided",,"-1","48","4","-18.5","Synthetic interview 220 — Digital inclusion and accessibility"
"221","2026-01-19","2026-01-19 09:30:15.125 +0530","Housing and rental affordability","","Support","Undecided",,"0","50","5","-17.5","Synthetic interview 221 — Housing and rental affordability"
"222","2026-01-19","2026-01-19 09:30:15.125 +0530","Housing and rental affordability","NULL","Undecided","Undecided",,"1","52","6",,"Synthetic interview 222 — Housing and rental affordability"
"223","2026-01-20","2026-01-20 09:30:15.125 +0530","Housing and rental affordability","North","Oppose","Oppose",,"2","54","7","-15.5","Synthetic interview 223 — Housing and rental affordability"
"224","2026-01-20","2026-01-20 09:30:15.125 +0530","Public health and community wellbeing","South",,"Oppose",,"3","56","8","-14.5","Synthetic interview 224 — Public health and community wellbeing"
"225","2026-01-20","2026-01-20 09:30:15.125 +0530","Education, schools and lifelong learning","Remote / regional communities","Support","Oppose","Support","4","58","9","-13.5","Synthetic interview 225 — Education, schools and lifelong learning"
"226","2026-01-21","2026-01-21 09:30:15.125 +0530","Transport — regional access","Inner city","Undecided",,"Support","5","60","1","-12.5","Synthetic interview 226 — Transport — regional access"
"227","2026-01-21","2026-01-21 09:30:15.125 +0530","Climate adaptation / 气候","","Oppose",,"Support","6","62","2","-11.5","Synthetic interview 227 — Climate adaptation / 气候"
"228","2026-01-21","2026-01-21 09:30:15.125 +0530","Arts, language and cultural participation","NULL",,,"Support","7","64","3","-10.5","Synthetic interview 228 — Arts, language and cultural participation"
"229","2026-01-22","2026-01-22 09:30:15.125 +0530","housing and rental affordability","North","Support","Support","Support","8","66","4","-9.5","Synthetic interview 229 — housing and rental affordability"
"230","2026-01-22","2026-01-22 09:30:15.125 +0530","Digital inclusion and accessibility","South","Undecided","Support","Support","9","68","5","-8.5","Synthetic interview 230 — Digital inclusion and accessibility"
"231","2026-01-22","2026-01-22 09:30:15.125 +0530","Housing and rental affordability","Remote / regional communities","Oppose","Support","Support","10","70","6","-7.5","Synthetic interview 231 — Housing and rental affordability"
"232","2026-01-23","2026-01-23 09:30:15.125 +0530","Housing and rental affordability","Inner city",,"Undecided","Undecided","11","72","7","-6.5","Synthetic interview 232 — Housing and rental affordability"
"233","2026-01-23","2026-01-23 09:30:15.125 +0530","Housing and rental affordability","","Support","Undecided","Undecided","12","74","8","-5.5","Synthetic interview 233 — Housing and rental affordability"
"234","2026-01-23","2026-01-23 09:30:15.125 +0530","Public health and community wellbeing","NULL","Undecided","Undecided","Undecided","13","76","9","-4.5","Synthetic interview 234 — Public health and community wellbeing"
"235","2026-01-24","2026-01-24 09:30:15.125 +0530","Education, schools and lifelong learning","North","Oppose","Oppose","Undecided","14","78","1","-3.5","Synthetic interview 235 — Education, schools and lifelong learning"
"236","2026-01-24","2026-01-24 09:30:15.125 +0530","Transport — regional access","South",,"Oppose","Undecided","15","80","2","-2.5","Synthetic interview 236 — Transport — regional access"
"237","2026-01-24","2026-01-24 09:30:15.125 +0530","Climate adaptation / 气候","Remote / regional communities","Support","Oppose","Undecided","16","82","3","-1.5","Synthetic interview 237 — Climate adaptation / 气候"
"238","2026-01-25","2026-01-25 09:30:15.125 +0530","Arts, language and cultural participation","Inner city","Undecided",,"Undecided",,"84","4","-0.5","Synthetic interview 238 — Arts, language and cultural participation"
"239","2026-01-25","2026-01-25 09:30:15.125 +0530","housing and rental affordability","","Oppose",,"Oppose","18","86","5",,"Synthetic interview 239 — housing and rental affordability"
"240","2026-01-25","2026-01-25 09:30:15.125 +0530","Digital inclusion and accessibility","NULL",,,"Oppose","19","88","6","1.5","Synthetic interview 240 — Digital inclusion and accessibility"
"241","2026-01-28","2026-01-28 09:30:15.125 +0530","Housing and rental affordability","North","Support","Support","Oppose","-20","0","7","2.5","Synthetic interview 241 — Housing and rental affordability"
"242","2026-01-28","2026-01-28 09:30:15.125 +0530","Housing and rental affordability","South","Undecided","Support","Oppose","-19","2","8","3.5","Synthetic interview 242 — Housing and rental affordability"
"243","2026-01-28","2026-01-28 09:30:15.125 +0530","Housing and rental affordability","Remote / regional communities","Oppose","Support","Oppose","-18","4","9","4.5","Synthetic interview 243 — Housing and rental affordability"
"244","2026-01-29","2026-01-29 09:30:15.125 +0530","Public health and community wellbeing","Inner city",,"Undecided","Oppose","-17","6","1","5.5","Synthetic interview 244 — Public health and community wellbeing"
"245","2026-01-29","2026-01-29 09:30:15.125 +0530","Education, schools and lifelong learning","","Support","Undecided","Oppose","-16","8","2","6.5","Synthetic interview 245 — Education, schools and lifelong learning"
"246","2026-01-29","2026-01-29 09:30:15.125 +0530","Transport — regional access","NULL","Undecided","Undecided",,"-15","10","3","7.5","Synthetic interview 246 — Transport — regional access"
"247","2026-01-30","2026-01-30 09:30:15.125 +0530","Climate adaptation / 气候","North","Oppose","Oppose",,"-14","12","4","8.5","Synthetic interview 247 — Climate adaptation / 气候"
"248","2026-01-30","2026-01-30 09:30:15.125 +0530","Arts, language and cultural participation","South",,"Oppose",,"-13","14","5","9.5","Synthetic interview 248 — Arts, language and cultural participation"
"249","2026-01-30","2026-01-30 09:30:15.125 +0530","housing and rental affordability","Remote / regional communities","Support","Oppose",,"-12","16","0","10.5","Synthetic interview 249 — housing and rental affordability"
"250","2026-01-31","2026-01-31 09:30:15.125 +0530","Digital inclusion and accessibility","Inner city","Undecided",,,"-11",,"7","11.5","Synthetic interview 250 — Digital inclusion and accessibility"
"251","2026-01-31","2026-01-31 09:30:15.125 +0530","Housing and rental affordability","","Oppose",,,"-10","20","8","12.5","Synthetic interview 251 — Housing and rental affordability"
"252","2026-01-31","2026-01-31 09:30:15.125 +0530","Housing and rental affordability","NULL",,,,"-9","22","9","13.5","Synthetic interview 252 — Housing and rental affordability"
"253","2026-02-01","2026-02-01 09:30:15.125 +0530","Housing and rental affordability","North","Support","Support","Support","-8","24","1","14.5","Synthetic interview 253 — Housing and rental affordability"
"254","2026-02-01","2026-02-01 09:30:15.125 +0530","Public health and community wellbeing","South","Undecided","Support","Support","-7","26","2","15.5","Synthetic interview 254 — Public health and community wellbeing"
"255","2026-02-01","2026-02-01 09:30:15.125 +0530","Education, schools and lifelong learning","Remote / regional communities","Oppose","Support","Support","-6","28","3","16.5","Synthetic interview 255 — Education, schools and lifelong learning"
"256","2026-02-02","2026-02-02 09:30:15.125 +0530","Transport — regional access","Inner city",,"Undecided","Support","-5","30","4",,"Synthetic interview 256 — Transport — regional access"
"257","2026-02-02","2026-02-02 09:30:15.125 +0530","Climate adaptation / 气候","","Support","Undecided","Support","-4","32","5","18.5","Synthetic interview 257 — Climate adaptation / 气候"
"258","2026-02-02","2026-02-02 09:30:15.125 +0530","Arts, language and cultural participation","NULL","Undecided","Undecided","Support","-3","34","6","19.5","Synthetic interview 258 — Arts, language and cultural participation"
"259","2026-02-03","2026-02-03 09:30:15.125 +0530","housing and rental affordability","North","Oppose","Oppose","Support","-2","36","7","20.5","Synthetic interview 259 — housing and rental affordability"
"260","2026-02-03","2026-02-03 09:30:15.125 +0530","Digital inclusion and accessibility","South",,"Oppose","Undecided","-1","38","8","21.5","Synthetic interview 260 — Digital inclusion and accessibility"
"261","2026-02-03","2026-02-03 09:30:15.125 +0530","Housing and rental affordability","Remote / regional communities","Support","Oppose","Undecided","0","40","9","22.5","Synthetic interview 261 — Housing and rental affordability"
"262","2026-02-04","2026-02-04 09:30:15.125 +0530","Housing and rental affordability","Inner city","Undecided",,"Undecided","1","42","1","23.5","Synthetic interview 262 — Housing and rental affordability"
"263","2026-02-04","2026-02-04 09:30:15.125 +0530","Housing and rental affordability","","Oppose",,"Undecided","2","44","2","24.5","Synthetic interview 263 — Housing and rental affordability"
"264","2026-02-04","2026-02-04 09:30:15.125 +0530","Public health and community wellbeing","NULL",,,"Undecided","3","46","3","25.5","Synthetic interview 264 — Public health and community wellbeing"
"265","2026-02-05","2026-02-05 09:30:15.125 +0530","Education, schools and lifelong learning","North","Support","Support","Undecided","4","48","4","26.5","Synthetic interview 265 — Education, schools and lifelong learning"
"266","2026-02-05","2026-02-05 09:30:15.125 +0530","Transport — regional access","South","Undecided","Support","Undecided","5","50","5","27.5","Synthetic interview 266 — Transport — regional access"
"267","2026-02-05","2026-02-05 09:30:15.125 +0530","Climate adaptation / 气候","Remote / regional communities","Oppose","Support","Oppose","6","52","6","28.5","Synthetic interview 267 — Climate adaptation / 气候"
"268","2026-02-06","2026-02-06 09:30:15.125 +0530","Arts, language and cultural participation","Inner city",,"Undecided","Oppose","7","54","7","29.5","Synthetic interview 268 — Arts, language and cultural participation"
"269","2026-02-06","2026-02-06 09:30:15.125 +0530","housing and rental affordability","","Support","Undecided","Oppose","8","56","8","30.5","Synthetic interview 269 — housing and rental affordability"
"270","2026-02-06","2026-02-06 09:30:15.125 +0530","Digital inclusion and accessibility","NULL","Undecided","Undecided","Oppose","9","58","9","31.5","Synthetic interview 270 — Digital inclusion and accessibility"
"271","2026-02-07","2026-02-07 09:30:15.125 +0530","Housing and rental affordability","North","Oppose","Oppose","Oppose","10","60","1","32.5","Synthetic interview 271 — Housing and rental affordability"
"272","2026-02-07","2026-02-07 09:30:15.125 +0530","Housing and rental affordability","South",,"Oppose","Oppose","11","62","2","33.5","Synthetic interview 272 — Housing and rental affordability"
"273","2026-02-07","2026-02-07 09:30:15.125 +0530","Housing and rental affordability","Remote / regional communities","Support","Oppose","Oppose","12","64","3",,"Synthetic interview 273 — Housing and rental affordability"
"274","2026-02-08","2026-02-08 09:30:15.125 +0530","Public health and community wellbeing","Inner city","Undecided",,,"13","66","4","35.5","Synthetic interview 274 — Public health and community wellbeing"
"275","2026-02-08","2026-02-08 09:30:15.125 +0530","Education, schools and lifelong learning","","Oppose",,,"14","68","5","36.5","Synthetic interview 275 — Education, schools and lifelong learning"
"276","2026-02-08","2026-02-08 09:30:15.125 +0530","Transport — regional access","NULL",,,,"15","70","6","37.5","Synthetic interview 276 — Transport — regional access"
"277","2026-02-09","2026-02-09 09:30:15.125 +0530","Climate adaptation / 气候","North","Support","Support",,"16","72","7","38.5","Synthetic interview 277 — Climate adaptation / 气候"
"278","2026-02-09","2026-02-09 09:30:15.125 +0530","Arts, language and cultural participation","South","Undecided","Support",,"17","74","8","39.5","Synthetic interview 278 — Arts, language and cultural participation"
"279","2026-02-09","2026-02-09 09:30:15.125 +0530","housing and rental affordability","Remote / regional communities","Oppose","Support",,"18","76","9","40.5","Synthetic interview 279 — housing and rental affordability"
"280","2026-02-10","2026-02-10 09:30:15.125 +0530","Digital inclusion and accessibility","Inner city",,"Undecided",,"19","78","0","41.5","Synthetic interview 280 — Digital inclusion and accessibility"
"281","2026-02-10","2026-02-10 09:30:15.125 +0530","Housing and rental affordability","","Support","Undecided","Support","-20","5","2","42.5","Synthetic interview 281 — Housing and rental affordability"
"282","2026-02-10","2026-02-10 09:30:15.125 +0530","Housing and rental affordability","NULL","Undecided","Undecided","Support","-19","7","3","43.5","Synthetic interview 282 — Housing and rental affordability"
"283","2026-02-11","2026-02-11 09:30:15.125 +0530","Housing and rental affordability","North","Oppose","Oppose","Support","-18","9","4","44.5","Synthetic interview 283 — Housing and rental affordability"
"284","2026-02-11","2026-02-11 09:30:15.125 +0530","Public health and community wellbeing","South",,"Oppose","Support","-17","11","5","45.5","Synthetic interview 284 — Public health and community wellbeing"
"285","2026-02-11","2026-02-11 09:30:15.125 +0530","Education, schools and lifelong learning","Remote / regional communities","Support","Oppose","Support","-16","13","6","46.5","Synthetic interview 285 — Education, schools and lifelong learning"
"286","2026-02-12","2026-02-12 09:30:15.125 +0530","Transport — regional access","Inner city","Undecided",,"Support","-15","15","7","47.5","Synthetic interview 286 — Transport — regional access"
"287","2026-02-12","2026-02-12 09:30:15.125 +0530","Climate adaptation / 气候","","Oppose",,"Support","-14","17","8","48.5","Synthetic interview 287 — Climate adaptation / 气候"
"288","2026-02-12","2026-02-12 09:30:15.125 +0530","Arts, language and cultural participation","NULL",,,"Undecided","-13","19","9","49.5","Synthetic interview 288 — Arts, language and cultural participation"
"289","2026-02-13","2026-02-13 09:30:15.125 +0530","housing and rental affordability","North","Support","Support","Undecided","-12","21","1","50.5","Synthetic interview 289 — housing and rental affordability"
"290","2026-02-13","2026-02-13 09:30:15.125 +0530","Digital inclusion and accessibility","South","Undecided","Support","Undecided","-11","23","2",,"Synthetic interview 290 — Digital inclusion and accessibility"
"291","2026-02-13","2026-02-13 09:30:15.125 +0530","Housing and rental affordability","Remote / regional communities","Oppose","Support","Undecided","-10","25","3","52.5","Synthetic interview 291 — Housing and rental affordability"
"292","2026-02-14","2026-02-14 09:30:15.125 +0530","Housing and rental affordability","Inner city",,"Undecided","Undecided","-9","27","4","53.5","Synthetic interview 292 — Housing and rental affordability"
"293","2026-02-14","2026-02-14 09:30:15.125 +0530","Housing and rental affordability","","Support","Undecided","Undecided","-8","29","5","54.5","Synthetic interview 293 — Housing and rental affordability"
"294","2026-02-14","2026-02-14 09:30:15.125 +0530","Public health and community wellbeing","NULL","Undecided","Undecided","Undecided","-7","31","6","55.5","Synthetic interview 294 — Public health and community wellbeing"
"295","2026-02-15","2026-02-15 09:30:15.125 +0530","Education, schools and lifelong learning","North","Oppose","Oppose","Oppose","-6","33","7","56.5","Synthetic interview 295 — Education, schools and lifelong learning"
"296","2026-02-15","2026-02-15 09:30:15.125 +0530","Transport — regional access","South",,"Oppose","Oppose","-5","35","8","57.5","Synthetic interview 296 — Transport — regional access"
"297","2026-02-15","2026-02-15 09:30:15.125 +0530","Climate adaptation / 气候","Remote / regional communities","Support","Oppose","Oppose","-4","37","9","58.5","Synthetic interview 297 — Climate adaptation / 气候"
"298","2026-02-16","2026-02-16 09:30:15.125 +0530","Arts, language and cultural participation","Inner city","Undecided",,"Oppose","-3","39","1","59.5","Synthetic interview 298 — Arts, language and cultural participation"
"299","2026-02-16","2026-02-16 09:30:15.125 +0530","housing and rental affordability","","Oppose",,"Oppose","-2","41","2","60.5","Synthetic interview 299 — housing and rental affordability"
"300","2026-02-16","2026-02-16 09:30:15.125 +0530","Digital inclusion and accessibility","NULL",,,"Oppose","-1","43","3","61.5","Synthetic interview 300 — Digital inclusion and accessibility"
"301","2026-02-19","2026-02-19 09:30:15.125 +0530","Housing and rental affordability","North","Support","Support","Oppose","0","45","4","62.5","Synthetic interview 301 — Housing and rental affordability"
"302","2026-02-19","2026-02-19 09:30:15.125 +0530","Housing and rental affordability","South","Undecided","Support",,"1","47","5","63.5","Synthetic interview 302 — Housing and rental affordability"
"303","2026-02-19","2026-02-19 09:30:15.125 +0530","Housing and rental affordability","Remote / regional communities","Oppose","Support",,"2","49","6","64.5","Synthetic interview 303 — Housing and rental affordability"
"304","2026-02-20","2026-02-20 09:30:15.125 +0530","Public health and community wellbeing","Inner city",,"Undecided",,"3","51","7","-35.5","Synthetic interview 304 — Public health and community wellbeing"
"305","2026-02-20","2026-02-20 09:30:15.125 +0530","Education, schools and lifelong learning","","Support","Undecided",,"4","53","8","-34.5","Synthetic interview 305 — Education, schools and lifelong learning"
"306","2026-02-20","2026-02-20 09:30:15.125 +0530","Transport — regional access","NULL","Undecided","Undecided",,"5","55","9","-33.5","Synthetic interview 306 — Transport — regional access"
"307","2026-02-21","2026-02-21 09:30:15.125 +0530","Climate adaptation / 气候","North","Oppose","Oppose",,"6","57","1",,"Synthetic interview 307 — Climate adaptation / 气候"
"308","2026-02-21","2026-02-21 09:30:15.125 +0530","Arts, language and cultural participation","South",,"Oppose",,"7","59","2","-31.5","Synthetic interview 308 — Arts, language and cultural participation"
"309","2026-02-21","2026-02-21 09:30:15.125 +0530","housing and rental affordability","Remote / regional communities","Support","Oppose","Support","8","61","3","-30.5","Synthetic interview 309 — housing and rental affordability"
"310","2026-02-22","2026-02-22 09:30:15.125 +0530","Digital inclusion and accessibility","Inner city","Undecided",,"Support","9","63","4","-29.5","Synthetic interview 310 — Digital inclusion and accessibility"
"311","2026-02-22","2026-02-22 09:30:15.125 +0530","Housing and rental affordability","","Oppose",,"Support","10","65","0","-28.5","Synthetic interview 311 — Housing and rental affordability"
"312","2026-02-22","2026-02-22 09:30:15.125 +0530","Housing and rental affordability","NULL",,,"Support","11","67","6","-27.5","Synthetic interview 312 — Housing and rental affordability"
"313","2026-02-23","2026-02-23 09:30:15.125 +0530","Housing and rental affordability","North","Support","Support","Support","12","69","7","-26.5","Synthetic interview 313 — Housing and rental affordability"
"314","2026-02-23","2026-02-23 09:30:15.125 +0530","Public health and community wellbeing","South","Undecided","Support","Support","13","71","8","-25.5","Synthetic interview 314 — Public health and community wellbeing"
"315","2026-02-23","2026-02-23 09:30:15.125 +0530","Education, schools and lifelong learning","Remote / regional communities","Oppose","Support","Support","14","73","9","-24.5","Synthetic interview 315 — Education, schools and lifelong learning"
"316","2026-02-24","2026-02-24 09:30:15.125 +0530","Transport — regional access","Inner city",,"Undecided","Undecided","15","75","1","-23.5","Synthetic interview 316 — Transport — regional access"
"317","2026-02-24","2026-02-24 09:30:15.125 +0530","Climate adaptation / 气候","","Support","Undecided","Undecided",,"77","2","-22.5","Synthetic interview 317 — Climate adaptation / 气候"
"318","2026-02-24","2026-02-24 09:30:15.125 +0530","Arts, language and cultural participation","NULL","Undecided","Undecided","Undecided","17","79","3","-21.5","Synthetic interview 318 — Arts, language and cultural participation"
"319","2026-02-25","2026-02-25 09:30:15.125 +0530","housing and rental affordability","North","Oppose","Oppose","Undecided","18","81","4","-20.5","Synthetic interview 319 — housing and rental affordability"
"320","2026-02-25","2026-02-25 09:30:15.125 +0530","Digital inclusion and accessibility","South",,"Oppose","Undecided","19","83","5","-19.5","Synthetic interview 320 — Digital inclusion and accessibility"
"321","2026-02-25","2026-02-25 09:30:15.125 +0530","Housing and rental affordability","Remote / regional communities","Support","Oppose","Undecided","-20","10","6","-18.5","Synthetic interview 321 — Housing and rental affordability"
"322","2026-02-26","2026-02-26 09:30:15.125 +0530","Housing and rental affordability","Inner city","Undecided",,"Undecided","-19","12","7","-17.5","Synthetic interview 322 — Housing and rental affordability"
"323","2026-02-26","2026-02-26 09:30:15.125 +0530","Housing and rental affordability","","Oppose",,"Oppose","-18","14","8","-16.5","Synthetic interview 323 — Housing and rental affordability"
"324","2026-02-26","2026-02-26 09:30:15.125 +0530","Public health and community wellbeing","NULL",,,"Oppose","-17","16","9",,"Synthetic interview 324 — Public health and community wellbeing"
"325","2026-02-27","2026-02-27 09:30:15.125 +0530","Education, schools and lifelong learning","North","Support","Support","Oppose","-16","18","1","-14.5","Synthetic interview 325 — Education, schools and lifelong learning"
"326","2026-02-27","2026-02-27 09:30:15.125 +0530","Transport — regional access","South","Undecided","Support","Oppose","-15","20","2","-13.5","Synthetic interview 326 — Transport — regional access"
"327","2026-02-27","2026-02-27 09:30:15.125 +0530","Climate adaptation / 气候","Remote / regional communities","Oppose","Support","Oppose","-14","22","3","-12.5","Synthetic interview 327 — Climate adaptation / 气候"
"328","2026-02-28","2026-02-28 09:30:15.125 +0530","Arts, language and cultural participation","Inner city",,"Undecided","Oppose","-13","24","4","-11.5","Synthetic interview 328 — Arts, language and cultural participation"
"329","2026-02-28","2026-02-28 09:30:15.125 +0530","housing and rental affordability","","Support","Undecided","Oppose","-12","26","5","-10.5","Synthetic interview 329 — housing and rental affordability"
"330","2026-02-28","2026-02-28 09:30:15.125 +0530","Digital inclusion and accessibility","NULL","Undecided","Undecided",,"-11","28","6","-9.5","Synthetic interview 330 — Digital inclusion and accessibility"
"331","2026-03-01","2026-03-01 09:30:15.125 +0530","Housing and rental affordability","North","Oppose","Oppose",,"-10","30","7","-8.5","Synthetic interview 331 — Housing and rental affordability"
"332","2026-03-01","2026-03-01 09:30:15.125 +0530","Housing and rental affordability","South",,"Oppose",,"-9","32","8","-7.5","Synthetic interview 332 — Housing and rental affordability"
"333","2026-03-01","2026-03-01 09:30:15.125 +0530","Housing and rental affordability","Remote / regional communities","Support","Oppose",,"-8",,"9","-6.5","Synthetic interview 333 — Housing and rental affordability"
"334","2026-03-02","2026-03-02 09:30:15.125 +0530","Public health and community wellbeing","Inner city","Undecided",,,"-7","36","1","-5.5","Synthetic interview 334 — Public health and community wellbeing"
"335","2026-03-02","2026-03-02 09:30:15.125 +0530","Education, schools and lifelong learning","","Oppose",,,"-6","38","2","-4.5","Synthetic interview 335 — Education, schools and lifelong learning"
"336","2026-03-02","2026-03-02 09:30:15.125 +0530","Transport — regional access","NULL",,,,"-5","40","3","-3.5","Synthetic interview 336 — Transport — regional access"
"337","2026-03-03","2026-03-03 09:30:15.125 +0530","Climate adaptation / 气候","North","Support","Support","Support","-4","42","4","-2.5","Synthetic interview 337 — Climate adaptation / 气候"
"338","2026-03-03","2026-03-03 09:30:15.125 +0530","Arts, language and cultural participation","South","Undecided","Support","Support","-3","44","5","-1.5","Synthetic interview 338 — Arts, language and cultural participation"
"339","2026-03-03","2026-03-03 09:30:15.125 +0530","housing and rental affordability","Remote / regional communities","Oppose","Support","Support","-2","46","6","-0.5","Synthetic interview 339 — housing and rental affordability"
"340","2026-03-04","2026-03-04 09:30:15.125 +0530","Digital inclusion and accessibility","Inner city",,"Undecided","Support","-1","48","7","0.5","Synthetic interview 340 — Digital inclusion and accessibility"
"341","2026-03-04","2026-03-04 09:30:15.125 +0530","Housing and rental affordability","","Support","Undecided","Support","0","50","8",,"Synthetic interview 341 — Housing and rental affordability"
"342","2026-03-04","2026-03-04 09:30:15.125 +0530","Housing and rental affordability","NULL","Undecided","Undecided","Support","1","52","0","2.5","Synthetic interview 342 — Housing and rental affordability"
"343","2026-03-05","2026-03-05 09:30:15.125 +0530","Housing and rental affordability","North","Oppose","Oppose","Support","2","54","1","3.5","Synthetic interview 343 — Housing and rental affordability"
"344","2026-03-05","2026-03-05 09:30:15.125 +0530","Public health and community wellbeing","South",,"Oppose","Undecided","3","56","2","4.5","Synthetic interview 344 — Public health and community wellbeing"
"345","2026-03-05","2026-03-05 09:30:15.125 +0530","Education, schools and lifelong learning","Remote / regional communities","Support","Oppose","Undecided","4","58","3","5.5","Synthetic interview 345 — Education, schools and lifelong learning"
"346","2026-03-06","2026-03-06 09:30:15.125 +0530","Transport — regional access","Inner city","Undecided",,"Undecided","5","60","4","6.5","Synthetic interview 346 — Transport — regional access"
"347","2026-03-06","2026-03-06 09:30:15.125 +0530","Climate adaptation / 气候","","Oppose",,"Undecided","6","62","5","7.5","Synthetic interview 347 — Climate adaptation / 气候"
"348","2026-03-06","2026-03-06 09:30:15.125 +0530","Arts, language and cultural participation","NULL",,,"Undecided","7","64","6","8.5","Synthetic interview 348 — Arts, language and cultural participation"
"349","2026-03-07","2026-03-07 09:30:15.125 +0530","housing and rental affordability","North","Support","Support","Undecided","8","66","7","9.5","Synthetic interview 349 — housing and rental affordability"
"350","2026-03-07","2026-03-07 09:30:15.125 +0530","Digital inclusion and accessibility","South","Undecided","Support","Undecided","9","68","8","10.5","Synthetic interview 350 — Digital inclusion and accessibility"
"351","2026-03-07","2026-03-07 09:30:15.125 +0530","Housing and rental affordability","Remote / regional communities","Oppose","Support","Oppose","10","70","9","11.5","Synthetic interview 351 — Housing and rental affordability"
"352","2026-03-08","2026-03-08 09:30:15.125 +0530","Housing and rental affordability","Inner city",,"Undecided","Oppose","11","72","1","12.5","Synthetic interview 352 — Housing and rental affordability"
"353","2026-03-08","2026-03-08 09:30:15.125 +0530","Housing and rental affordability","","Support","Undecided","Oppose","12","74","2","13.5","Synthetic interview 353 — Housing and rental affordability"
"354","2026-03-08","2026-03-08 09:30:15.125 +0530","Public health and community wellbeing","NULL","Undecided","Undecided","Oppose","13","76","3","14.5","Synthetic interview 354 — Public health and community wellbeing"
"355","2026-03-09","2026-03-09 09:30:15.125 +0530","Education, schools and lifelong learning","North","Oppose","Oppose","Oppose","14","78","4","15.5","Synthetic interview 355 — Education, schools and lifelong learning"
"356","2026-03-09","2026-03-09 09:30:15.125 +0530","Transport — regional access","South",,"Oppose","Oppose","15","80","5","16.5","Synthetic interview 356 — Transport — regional access"
"357","2026-03-09","2026-03-09 09:30:15.125 +0530","Climate adaptation / 气候","Remote / regional communities","Support","Oppose","Oppose","16","82","6","17.5","Synthetic interview 357 — Climate adaptation / 气候"
"358","2026-03-10","2026-03-10 09:30:15.125 +0530","Arts, language and cultural participation","Inner city","Undecided",,,"17","84","7",,"Synthetic interview 358 — Arts, language and cultural participation"
"359","2026-03-10","2026-03-10 09:30:15.125 +0530","housing and rental affordability","","Oppose",,,"18","86","8","19.5","Synthetic interview 359 — housing and rental affordability"
"360","2026-03-10","2026-03-10 09:30:15.125 +0530","Digital inclusion and accessibility","NULL",,,,"19","88","9","20.5","Synthetic interview 360 — Digital inclusion and accessibility"
"361","2026-03-13","2026-03-13 09:30:15.125 +0530","Housing and rental affordability","North","Support","Support",,"-20","0","1","21.5","Synthetic interview 361 — Housing and rental affordability"
"362","2026-03-13","2026-03-13 09:30:15.125 +0530","Housing and rental affordability","South","Undecided","Support",,"-19","2","2","22.5","Synthetic interview 362 — Housing and rental affordability"
"363","2026-03-13","2026-03-13 09:30:15.125 +0530","Housing and rental affordability","Remote / regional communities","Oppose","Support",,"-18","4","3","23.5","Synthetic interview 363 — Housing and rental affordability"
"364","2026-03-14","2026-03-14 09:30:15.125 +0530","Public health and community wellbeing","Inner city",,"Undecided",,"-17","6","4","24.5","Synthetic interview 364 — Public health and community wellbeing"
"365","2026-03-14","2026-03-14 09:30:15.125 +0530","Education, schools and lifelong learning","","Support","Undecided","Support","-16","8","5","25.5","Synthetic interview 365 — Education, schools and lifelong learning"
"366","2026-03-14","2026-03-14 09:30:15.125 +0530","Transport — regional access","NULL","Undecided","Undecided","Support","-15","10","6","26.5","Synthetic interview 366 — Transport — regional access"
"367","2026-03-15","2026-03-15 09:30:15.125 +0530","Climate adaptation / 气候","North","Oppose","Oppose","Support","-14","12","7","27.5","Synthetic interview 367 — Climate adaptation / 气候"
"368","2026-03-15","2026-03-15 09:30:15.125 +0530","Arts, language and cultural participation","South",,"Oppose","Support","-13","14","8","28.5","Synthetic interview 368 — Arts, language and cultural participation"
"369","2026-03-15","2026-03-15 09:30:15.125 +0530","housing and rental affordability","Remote / regional communities","Support","Oppose","Support","-12","16","9","29.5","Synthetic interview 369 — housing and rental affordability"
"370","2026-03-16","2026-03-16 09:30:15.125 +0530","Digital inclusion and accessibility","Inner city","Undecided",,"Support","-11","18","1","30.5","Synthetic interview 370 — Digital inclusion and accessibility"
"371","2026-03-16","2026-03-16 09:30:15.125 +0530","Housing and rental affordability","","Oppose",,"Support","-10","20","2","31.5","Synthetic interview 371 — Housing and rental affordability"
"372","2026-03-16","2026-03-16 09:30:15.125 +0530","Housing and rental affordability","NULL",,,"Undecided","-9","22","3","32.5","Synthetic interview 372 — Housing and rental affordability"
"373","2026-03-17","2026-03-17 09:30:15.125 +0530","Housing and rental affordability","North","Support","Support","Undecided","-8","24","0","33.5","Synthetic interview 373 — Housing and rental affordability"
"374","2026-03-17","2026-03-17 09:30:15.125 +0530","Public health and community wellbeing","South","Undecided","Support","Undecided","-7","26","5","34.5","Synthetic interview 374 — Public health and community wellbeing"
"375","2026-03-17","2026-03-17 09:30:15.125 +0530","Education, schools and lifelong learning","Remote / regional communities","Oppose","Support","Undecided","-6","28","6",,"Synthetic interview 375 — Education, schools and lifelong learning"
"376","2026-03-18","2026-03-18 09:30:15.125 +0530","Transport — regional access","Inner city",,"Undecided","Undecided","-5","30","7","36.5","Synthetic interview 376 — Transport — regional access"
"377","2026-03-18","2026-03-18 09:30:15.125 +0530","Climate adaptation / 气候","","Support","Undecided","Undecided","-4","32","8","37.5","Synthetic interview 377 — Climate adaptation / 气候"
"378","2026-03-18","2026-03-18 09:30:15.125 +0530","Arts, language and cultural participation","NULL","Undecided","Undecided","Undecided","-3","34","9","38.5","Synthetic interview 378 — Arts, language and cultural participation"
"379","2026-03-19","2026-03-19 09:30:15.125 +0530","housing and rental affordability","North","Oppose","Oppose","Oppose","-2","36","1","39.5","Synthetic interview 379 — housing and rental affordability"
"380","2026-03-19","2026-03-19 09:30:15.125 +0530","Digital inclusion and accessibility","South",,"Oppose","Oppose","-1","38","2","40.5","Synthetic interview 380 — Digital inclusion and accessibility"
"381","2026-03-19","2026-03-19 09:30:15.125 +0530","Housing and rental affordability","Remote / regional communities","Support","Oppose","Oppose","0","40","3","41.5","Synthetic interview 381 — Housing and rental affordability"
"382","2026-03-20","2026-03-20 09:30:15.125 +0530","Housing and rental affordability","Inner city","Undecided",,"Oppose","1","42","4","42.5","Synthetic interview 382 — Housing and rental affordability"
"383","2026-03-20","2026-03-20 09:30:15.125 +0530","Housing and rental affordability","","Oppose",,"Oppose","2","44","5","43.5","Synthetic interview 383 — Housing and rental affordability"
"384","2026-03-20","2026-03-20 09:30:15.125 +0530","Public health and community wellbeing","NULL",,,"Oppose","3","46","6","44.5","Synthetic interview 384 — Public health and community wellbeing"
"385","2026-03-21","2026-03-21 09:30:15.125 +0530","Education, schools and lifelong learning","North","Support","Support","Oppose","4","48","7","45.5","Synthetic interview 385 — Education, schools and lifelong learning"
"386","2026-03-21","2026-03-21 09:30:15.125 +0530","Transport — regional access","South","Undecided","Support",,"5","50","8","46.5","Synthetic interview 386 — Transport — regional access"
"387","2026-03-21","2026-03-21 09:30:15.125 +0530","Climate adaptation / 气候","Remote / regional communities","Oppose","Support",,"6","52","9","47.5","Synthetic interview 387 — Climate adaptation / 气候"
"388","2026-03-22","2026-03-22 09:30:15.125 +0530","Arts, language and cultural participation","Inner city",,"Undecided",,"7","54","1","48.5","Synthetic interview 388 — Arts, language and cultural participation"
"389","2026-03-22","2026-03-22 09:30:15.125 +0530","housing and rental affordability","","Support","Undecided",,"8","56","2","49.5","Synthetic interview 389 — housing and rental affordability"
"390","2026-03-22","2026-03-22 09:30:15.125 +0530","Digital inclusion and accessibility","NULL","Undecided","Undecided",,"9","58","3","50.5","Synthetic interview 390 — Digital inclusion and accessibility"
"391","2026-03-23","2026-03-23 09:30:15.125 +0530","Housing and rental affordability","North","Oppose","Oppose",,"10","60","4","51.5","Synthetic interview 391 — Housing and rental affordability"
"392","2026-03-23","2026-03-23 09:30:15.125 +0530","Housing and rental affordability","South",,"Oppose",,"11","62","5",,"Synthetic interview 392 — Housing and rental affordability"
"393","2026-03-23","2026-03-23 09:30:15.125 +0530","Housing and rental affordability","Remote / regional communities","Support","Oppose","Support","12","64","6","53.5","Synthetic interview 393 — Housing and rental affordability"
"394","2026-03-24","2026-03-24 09:30:15.125 +0530","Public health and community wellbeing","Inner city","Undecided",,"Support","13","66","7","54.5","Synthetic interview 394 — Public health and community wellbeing"
"395","2026-03-24","2026-03-24 09:30:15.125 +0530","Education, schools and lifelong learning","","Oppose",,"Support","14","68","8","55.5","Synthetic interview 395 — Education, schools and lifelong learning"
"396","2026-03-24","2026-03-24 09:30:15.125 +0530","Transport — regional access","NULL",,,"Support",,"70","9","56.5","Synthetic interview 396 — Transport — regional access"
"397","2026-03-25","2026-03-25 09:30:15.125 +0530","Climate adaptation / 气候","North","Support","Support","Support","16","72","1","57.5","Synthetic interview 397 — Climate adaptation / 气候"
"398","2026-03-25","2026-03-25 09:30:15.125 +0530","Arts, language and cultural participation","South","Undecided","Support","Support","17","74","2","58.5","Synthetic interview 398 — Arts, language and cultural participation"
"399","2026-03-25","2026-03-25 09:30:15.125 +0530","housing and rental affordability","Remote / regional communities","Oppose","Support","Support","18","76","3","59.5","Synthetic interview 399 — housing and rental affordability"
"400","2026-03-26","2026-03-26 09:30:15.125 +0530","Digital inclusion and accessibility","Inner city",,"Undecided","Undecided","19","78","4","60.5","Synthetic interview 400 — Digital inclusion and accessibility"
"401","2026-03-26","2026-03-26 09:30:15.125 +0530","Housing and rental affordability","","Support","Undecided","Undecided","-20","5","5","61.5","Synthetic interview 401 — Housing and rental affordability"
"402","2026-03-26","2026-03-26 09:30:15.125 +0530","Housing and rental affordability","NULL","Undecided","Undecided","Undecided","-19","7","6","62.5","Synthetic interview 402 — Housing and rental affordability"
"403","2026-03-27","2026-03-27 09:30:15.125 +0530","Housing and rental affordability","North","Oppose","Oppose","Undecided","-18","9","7","63.5","Synthetic interview 403 — Housing and rental affordability"
"404","2026-03-27","2026-03-27 09:30:15.125 +0530","Public health and community wellbeing","South",,"Oppose","Undecided","-17","11","0","64.5","Synthetic interview 404 — Public health and community wellbeing"
"405","2026-03-27","2026-03-27 09:30:15.125 +0530","Education, schools and lifelong learning","Remote / regional communities","Support","Oppose","Undecided","-16","13","9","-35.5","Synthetic interview 405 — Education, schools and lifelong learning"
"406","2026-03-28","2026-03-28 09:30:15.125 +0530","Transport — regional access","Inner city","Undecided",,"Undecided","-15","15","1","-34.5","Synthetic interview 406 — Transport — regional access"
"407","2026-03-28","2026-03-28 09:30:15.125 +0530","Climate adaptation / 气候","","Oppose",,"Oppose","-14","17","2","-33.5","Synthetic interview 407 — Climate adaptation / 气候"
"408","2026-03-28","2026-03-28 09:30:15.125 +0530","Arts, language and cultural participation","NULL",,,"Oppose","-13","19","3","-32.5","Synthetic interview 408 — Arts, language and cultural participation"
"409","2026-03-29","2026-03-29 09:30:15.125 +0530","housing and rental affordability","North","Support","Support","Oppose","-12","21","4",,"Synthetic interview 409 — housing and rental affordability"
"410","2026-03-29","2026-03-29 09:30:15.125 +0530","Digital inclusion and accessibility","South","Undecided","Support","Oppose","-11","23","5","-30.5","Synthetic interview 410 — Digital inclusion and accessibility"
"411","2026-03-29","2026-03-29 09:30:15.125 +0530","Housing and rental affordability","Remote / regional communities","Oppose","Support","Oppose","-10","25","6","-29.5","Synthetic interview 411 — Housing and rental affordability"
"412","2026-03-30","2026-03-30 09:30:15.125 +0530","Housing and rental affordability","Inner city",,"Undecided","Oppose","-9","27","7","-28.5","Synthetic interview 412 — Housing and rental affordability"
"413","2026-03-30","2026-03-30 09:30:15.125 +0530","Housing and rental affordability","","Support","Undecided","Oppose","-8","29","8","-27.5","Synthetic interview 413 — Housing and rental affordability"
"414","2026-03-30","2026-03-30 09:30:15.125 +0530","Public health and community wellbeing","NULL","Undecided","Undecided",,"-7","31","9","-26.5","Synthetic interview 414 — Public health and community wellbeing"
"415","2026-03-31","2026-03-31 09:30:15.125 +0530","Education, schools and lifelong learning","North","Oppose","Oppose",,"-6","33","1","-25.5","Synthetic interview 415 — Education, schools and lifelong learning"
"416","2026-03-31","2026-03-31 09:30:15.125 +0530","Transport — regional access","South",,"Oppose",,"-5",,"2","-24.5","Synthetic interview 416 — Transport — regional access"
"417","2026-03-31","2026-03-31 09:30:15.125 +0530","Climate adaptation / 气候","Remote / regional communities","Support","Oppose",,"-4","37","3","-23.5","Synthetic interview 417 — Climate adaptation / 气候"
"418","2026-04-01","2026-04-01 09:30:15.125 +0530","Arts, language and cultural participation","Inner city","Undecided",,,"-3","39","4","-22.5","Synthetic interview 418 — Arts, language and cultural participation"
"419","2026-04-01","2026-04-01 09:30:15.125 +0530","housing and rental affordability","","Oppose",,,"-2","41","5","-21.5","Synthetic interview 419 — housing and rental affordability"
"420","2026-04-01","2026-04-01 09:30:15.125 +0530","Digital inclusion and accessibility","NULL",,,,"-1","43","6","-20.5","Synthetic interview 420 — Digital inclusion and accessibility"
"421","2026-04-04","2026-04-04 09:30:15.125 +0530","Housing and rental affordability","North","Support","Support","Support","0","45","7","-19.5","Synthetic interview 421 — Housing and rental affordability"
"422","2026-04-04","2026-04-04 09:30:15.125 +0530","Housing and rental affordability","South","Undecided","Support","Support","1","47","8","-18.5","Synthetic interview 422 — Housing and rental affordability"
"423","2026-04-04","2026-04-04 09:30:15.125 +0530","Housing and rental affordability","Remote / regional communities","Oppose","Support","Support","2","49","9","-17.5","Synthetic interview 423 — Housing and rental affordability"
"424","2026-04-05","2026-04-05 09:30:15.125 +0530","Public health and community wellbeing","Inner city",,"Undecided","Support","3","51","1","-16.5","Synthetic interview 424 — Public health and community wellbeing"
"425","2026-04-05","2026-04-05 09:30:15.125 +0530","Education, schools and lifelong learning","","Support","Undecided","Support","4","53","2","-15.5","Synthetic interview 425 — Education, schools and lifelong learning"
"426","2026-04-05","2026-04-05 09:30:15.125 +0530","Transport — regional access","NULL","Undecided","Undecided","Support","5","55","3",,"Synthetic interview 426 — Transport — regional access"
"427","2026-04-06","2026-04-06 09:30:15.125 +0530","Climate adaptation / 气候","North","Oppose","Oppose","Support","6","57","4","-13.5","Synthetic interview 427 — Climate adaptation / 气候"
"428","2026-04-06","2026-04-06 09:30:15.125 +0530","Arts, language and cultural participation","South",,"Oppose","Undecided","7","59","5","-12.5","Synthetic interview 428 — Arts, language and cultural participation"
"429","2026-04-06","2026-04-06 09:30:15.125 +0530","housing and rental affordability","Remote / regional communities","Support","Oppose","Undecided","8","61","6","-11.5","Synthetic interview 429 — housing and rental affordability"
"430","2026-04-07","2026-04-07 09:30:15.125 +0530","Digital inclusion and accessibility","Inner city","Undecided",,"Undecided","9","63","7","-10.5","Synthetic interview 430 — Digital inclusion and accessibility"
"431","2026-04-07","2026-04-07 09:30:15.125 +0530","Housing and rental affordability","","Oppose",,"Undecided","10","65","8","-9.5","Synthetic interview 431 — Housing and rental affordability"
"432","2026-04-07","2026-04-07 09:30:15.125 +0530","Housing and rental affordability","NULL",,,"Undecided","11","67","9","-8.5","Synthetic interview 432 — Housing and rental affordability"
"433","2026-04-08","2026-04-08 09:30:15.125 +0530","Housing and rental affordability","North","Support","Support","Undecided","12","69","1","-7.5","Synthetic interview 433 — Housing and rental affordability"
"434","2026-04-08","2026-04-08 09:30:15.125 +0530","Public health and community wellbeing","South","Undecided","Support","Undecided","13","71","2","-6.5","Synthetic interview 434 — Public health and community wellbeing"
"435","2026-04-08","2026-04-08 09:30:15.125 +0530","Education, schools and lifelong learning","Remote / regional communities","Oppose","Support","Oppose","14","73","0","-5.5","Synthetic interview 435 — Education, schools and lifelong learning"
"436","2026-04-09","2026-04-09 09:30:15.125 +0530","Transport — regional access","Inner city",,"Undecided","Oppose","15","75","4","-4.5","Synthetic interview 436 — Transport — regional access"
"437","2026-04-09","2026-04-09 09:30:15.125 +0530","Climate adaptation / 气候","","Support","Undecided","Oppose","16","77","5","-3.5","Synthetic interview 437 — Climate adaptation / 气候"
"438","2026-04-09","2026-04-09 09:30:15.125 +0530","Arts, language and cultural participation","NULL","Undecided","Undecided","Oppose","17","79","6","-2.5","Synthetic interview 438 — Arts, language and cultural participation"
"439","2026-04-10","2026-04-10 09:30:15.125 +0530","housing and rental affordability","North","Oppose","Oppose","Oppose","18","81","7","-1.5","Synthetic interview 439 — housing and rental affordability"
"440","2026-04-10","2026-04-10 09:30:15.125 +0530","Digital inclusion and accessibility","South",,"Oppose","Oppose","19","83","8","-0.5","Synthetic interview 440 — Digital inclusion and accessibility"
"441","2026-04-10","2026-04-10 09:30:15.125 +0530","Housing and rental affordability","Remote / regional communities","Support","Oppose","Oppose","-20","10","9","0.5","Synthetic interview 441 — Housing and rental affordability"
"442","2026-04-11","2026-04-11 09:30:15.125 +0530","Housing and rental affordability","Inner city","Undecided",,,"-19","12","1","1.5","Synthetic interview 442 — Housing and rental affordability"
"443","2026-04-11","2026-04-11 09:30:15.125 +0530","Housing and rental affordability","","Oppose",,,"-18","14","2",,"Synthetic interview 443 — Housing and rental affordability"
"444","2026-04-11","2026-04-11 09:30:15.125 +0530","Public health and community wellbeing","NULL",,,,"-17","16","3","3.5","Synthetic interview 444 — Public health and community wellbeing"
"445","2026-04-12","2026-04-12 09:30:15.125 +0530","Education, schools and lifelong learning","North","Support","Support",,"-16","18","4","4.5","Synthetic interview 445 — Education, schools and lifelong learning"
"446","2026-04-12","2026-04-12 09:30:15.125 +0530","Transport — regional access","South","Undecided","Support",,"-15","20","5","5.5","Synthetic interview 446 — Transport — regional access"
"447","2026-04-12","2026-04-12 09:30:15.125 +0530","Climate adaptation / 气候","Remote / regional communities","Oppose","Support",,"-14","22","6","6.5","Synthetic interview 447 — Climate adaptation / 气候"
"448","2026-04-13","2026-04-13 09:30:15.125 +0530","Arts, language and cultural participation","Inner city",,"Undecided",,"-13","24","7","7.5","Synthetic interview 448 — Arts, language and cultural participation"
"449","2026-04-13","2026-04-13 09:30:15.125 +0530","housing and rental affordability","","Support","Undecided","Support","-12","26","8","8.5","Synthetic interview 449 — housing and rental affordability"
"450","2026-04-13","2026-04-13 09:30:15.125 +0530","Digital inclusion and accessibility","NULL","Undecided","Undecided","Support","-11","28","9","9.5","Synthetic interview 450 — Digital inclusion and accessibility"
"451","2026-04-14","2026-04-14 09:30:15.125 +0530","Housing and rental affordability","North","Oppose","Oppose","Support","-10","30","1","10.5","Synthetic interview 451 — Housing and rental affordability"
"452","2026-04-14","2026-04-14 09:30:15.125 +0530","Housing and rental affordability","South",,"Oppose","Support","-9","32","2","11.5","Synthetic interview 452 — Housing and rental affordability"
"453","2026-04-14","2026-04-14 09:30:15.125 +0530","Housing and rental affordability","Remote / regional communities","Support","Oppose","Support","-8","34","3","12.5","Synthetic interview 453 — Housing and rental affordability"
"454","2026-04-15","2026-04-15 09:30:15.125 +0530","Public health and community wellbeing","Inner city","Undecided",,"Support","-7","36","4","13.5","Synthetic interview 454 — Public health and community wellbeing"
"455","2026-04-15","2026-04-15 09:30:15.125 +0530","Education, schools and lifelong learning","","Oppose",,"Support","-6","38","5","14.5","Synthetic interview 455 — Education, schools and lifelong learning"
"456","2026-04-15","2026-04-15 09:30:15.125 +0530","Transport — regional access","NULL",,,"Undecided","-5","40","6","15.5","Synthetic interview 456 — Transport — regional access"
"457","2026-04-16","2026-04-16 09:30:15.125 +0530","Climate adaptation / 气候","North","Support","Support","Undecided","-4","42","7","16.5","Synthetic interview 457 — Climate adaptation / 气候"
"458","2026-04-16","2026-04-16 09:30:15.125 +0530","Arts, language and cultural participation","South","Undecided","Support","Undecided","-3","44","8","17.5","Synthetic interview 458 — Arts, language and cultural participation"
"459","2026-04-16","2026-04-16 09:30:15.125 +0530","housing and rental affordability","Remote / regional communities","Oppose","Support","Undecided","-2","46","9","18.5","Synthetic interview 459 — housing and rental affordability"
"460","2026-04-17","2026-04-17 09:30:15.125 +0530","Digital inclusion and accessibility","Inner city",,"Undecided","Undecided","-1","48","1",,"Synthetic interview 460 — Digital inclusion and accessibility"
"461","2026-04-17","2026-04-17 09:30:15.125 +0530","Housing and rental affordability","","Support","Undecided","Undecided","0","50","2","20.5","Synthetic interview 461 — Housing and rental affordability"
"462","2026-04-17","2026-04-17 09:30:15.125 +0530","Housing and rental affordability","NULL","Undecided","Undecided","Undecided","1","52","3","21.5","Synthetic interview 462 — Housing and rental affordability"
"463","2026-04-18","2026-04-18 09:30:15.125 +0530","Housing and rental affordability","North","Oppose","Oppose","Oppose","2","54","4","22.5","Synthetic interview 463 — Housing and rental affordability"
"464","2026-04-18","2026-04-18 09:30:15.125 +0530","Public health and community wellbeing","South",,"Oppose","Oppose","3","56","5","23.5","Synthetic interview 464 — Public health and community wellbeing"
"465","2026-04-18","2026-04-18 09:30:15.125 +0530","Education, schools and lifelong learning","Remote / regional communities","Support","Oppose","Oppose","4","58","6","24.5","Synthetic interview 465 — Education, schools and lifelong learning"
"466","2026-04-19","2026-04-19 09:30:15.125 +0530","Transport — regional access","Inner city","Undecided",,"Oppose","5","60","0","25.5","Synthetic interview 466 — Transport — regional access"
"467","2026-04-19","2026-04-19 09:30:15.125 +0530","Climate adaptation / 气候","","Oppose",,"Oppose","6","62","8","26.5","Synthetic interview 467 — Climate adaptation / 气候"
"468","2026-04-19","2026-04-19 09:30:15.125 +0530","Arts, language and cultural participation","NULL",,,"Oppose","7","64","9","27.5","Synthetic interview 468 — Arts, language and cultural participation"
"469","2026-04-20","2026-04-20 09:30:15.125 +0530","housing and rental affordability","North","Support","Support","Oppose","8","66","1","28.5","Synthetic interview 469 — housing and rental affordability"
"470","2026-04-20","2026-04-20 09:30:15.125 +0530","Digital inclusion and accessibility","South","Undecided","Support",,"9","68","2","29.5","Synthetic interview 470 — Digital inclusion and accessibility"
"471","2026-04-20","2026-04-20 09:30:15.125 +0530","Housing and rental affordability","Remote / regional communities","Oppose","Support",,"10","70","3","30.5","Synthetic interview 471 — Housing and rental affordability"
"472","2026-04-21","2026-04-21 09:30:15.125 +0530","Housing and rental affordability","Inner city",,"Undecided",,"11","72","4","31.5","Synthetic interview 472 — Housing and rental affordability"
"473","2026-04-21","2026-04-21 09:30:15.125 +0530","Housing and rental affordability","","Support","Undecided",,"12","74","5","32.5","Synthetic interview 473 — Housing and rental affordability"
"474","2026-04-21","2026-04-21 09:30:15.125 +0530","Public health and community wellbeing","NULL","Undecided","Undecided",,"13","76","6","33.5","Synthetic interview 474 — Public health and community wellbeing"
"475","2026-04-22","2026-04-22 09:30:15.125 +0530","Education, schools and lifelong learning","North","Oppose","Oppose",,,"78","7","34.5","Synthetic interview 475 — Education, schools and lifelong learning"
"476","2026-04-22","2026-04-22 09:30:15.125 +0530","Transport — regional access","South",,"Oppose",,"15","80","8","35.5","Synthetic interview 476 — Transport — regional access"
"477","2026-04-22","2026-04-22 09:30:15.125 +0530","Climate adaptation / 气候","Remote / regional communities","Support","Oppose","Support","16","82","9",,"Synthetic interview 477 — Climate adaptation / 气候"
"478","2026-04-23","2026-04-23 09:30:15.125 +0530","Arts, language and cultural participation","Inner city","Undecided",,"Support","17","84","1","37.5","Synthetic interview 478 — Arts, language and cultural participation"
"479","2026-04-23","2026-04-23 09:30:15.125 +0530","housing and rental affordability","","Oppose",,"Support","18","86","2","38.5","Synthetic interview 479 — housing and rental affordability"
"480","2026-04-23","2026-04-23 09:30:15.125 +0530","Digital inclusion and accessibility","NULL",,,"Support","900","88","3","39.5","Synthetic interview 480 — Digital inclusion and accessibility"
